"Identificação da publicação","Identificação da Página","Nome da Página",Título,Descrição,"Duração (segundos)","Horário de publicação","Tipo de legenda","Link permanente","É publicação cruzada","Tipo de publicação",Idiomas,"Rótulos personalizados","Status do conteúdo financiado",Comentário,Data,"Visualizações de 3 segundos do vídeo","Usuários engajados","Feedbacks negativos gerais","Feedbacks negativos únicos dos usuários",Engajamentos,"Visualizações por país (Brazil (BR))","Visualizações por país (Portugal (PT))","Visualizações por país (Chile (CL))","Visualizações por país (Mozambique (MZ))","Visualizações por público principal (F)","Visualizações por público principal (M)","Visualizações por público principal (65+)","Visualizações por público principal (55-64)","Visualizações por público principal (45-54)","Visualizações por público principal (35-44)","Visualizações por público principal (25-34)","Visualizações por público principal (18-24)","Visualizações por público principal (13-17)","Visualizações por público principal (65+, M)","Visualizações por público principal (65+, F)","Visualizações por público principal (55-64, M)","Visualizações por público principal (55-64, F)","Visualizações por público principal (45-54, M)","Visualizações por público principal (45-54, F)","Visualizações por público principal (35-44, M)","Visualizações por público principal (35-44, F)","Visualizações por público principal (25-34, M)","Visualizações por público principal (25-34, F)","Visualizações por público principal (18-24, M)","Visualizações por público principal (18-24, F)","Visualizações por público principal (13-17, M)","Visualizações por público principal (13-17, F)"
499582228854313,437204840068250,"Cristiano Automóveis",,"Essa vai pra você meu amigo da cidade, que está buscando uma picape, confortável, completa e muito tecnológica.

🚘 FIAT TORO
1.8 16V EVO FLEX FREEDOM AT6
📆 2016/2017
——————————
IPVA pago
Licenciado
——————————
Mais informações:
126.000 km
Ar-condicionado
Travas elétricas
Vidros elétricos
Alarme
Freio ABS
Air bag do motorista
Rodas de liga leve
Desembaçador traseiro
Air bag duplo
Retrovisores elétricos
Sensor de estacionamento
Computador de bordo
Controle automático de velocidade
Controle de tração
Retrovisor fotocrômico
Farol de neblina
GPS
Direção Elétrica
Controle de estabilidade
Distribuição eletrônica de frenagem
Kit Multimídia
Santo Antônio

🚘Pegamos seu usado na troca 
💳Parcelamos no cartão até 18x 
🏦Financiamos em até 60x 

>>>>>CLIQUE AQUI E CHAMA NO WHATSAPP:
https://api.whatsapp.com/send/?phone=551231523625&text…

📍 Av. Rua Castro Alves, 180, Lorena | SP

#CristianoAutomóveis #seminovoscomgarantia #valedoparaiba #lorena #guaratingueta #carrosseminovos #carrosavenda #qualidadegarantida #lojafisica",0,"11/01/2022 12:11",N/A,https://www.facebook.com/cristianoautomoveisoficial/posts/pfbid035rAQFvcoGdjHURUKbVG9Nb8nHu55jpZjibiXnV4d9xu4nWH7Sm5zyypmkwJFzgTQl,0,Foto,,,,,Vitalício,0,749,0,0,1049,,,,,,,,,,,,,,,,,,,,,,,,,,,
499627582183111,437204840068250,"Cristiano Automóveis",,"Mais uma picape de opção disponível:
🚘 Fiat Strada
1.8 Adventure cabine dupla dualogic
📅 2011/2012
——————————
IPVA pago
——————————
Mais informações:
Completa
Ar-Condicionado
Direção Hidráulica
Flex
Cambio dualogic
Rodas de liga leve
Farol de neblina
Placa Mercosul

🚘Pegamos seu usado na troca 
💳Parcelamos no cartão até 18x 
🏦Financiamos em até 60x 

>>>>>CLIQUE AQUI E CHAMA NO WHATSAPP:
https://api.whatsapp.com/send/?phone=551231523625&text…

📍 Av. Rua Castro Alves, 180, Lorena | SP

#CristianoAutomóveis #seminovoscomgarantia #valedoparaiba #lorena #guaratingueta #carrosseminovos #carrosavenda #qualidadegarantida #lojafisica",0,"11/01/2022 14:11",N/A,https://www.facebook.com/cristianoautomoveisoficial/posts/pfbid0233mXVnE6DbSMJk1FrqfNYiHTMvjbKicYnSAa1ELCKD18jVMwVmZCqsFWj4QgS7edl,0,Foto,,,,,Vitalício,0,134,0,0,167,,,,,,,,,,,,,,,,,,,,,,,,,,,
500138625465340,437204840068250,"Cristiano Automóveis",,"📌Aproveite o feriado e saia com sua caminhonete dos sonhos!
🚘 Toyota Hilux
2.8 SRX 4×4 Diesel
📅 2016/2016
——————————
IPVA pago
——————————
Mais informações:
157.000 km
Ar-condicionado
Direção Hidráulica
Vidro elétrico
Multimídia
Freios ABS
Banco em couro
Start-stop
Repetidores de seta no retrovisor
Faróis de neblina
Capota marítima
Controle de tração e estabilidade
Volante multifuncional
Câmbio automático de 6 marchas
Ajuste elétrico dos bancos
Rodas de liga leve diamantadas

🚘Pegamos seu usado na troca 
💳Parcelamos no cartão até 18x 
🏦Financiamos em até 60x 

>>>>>CLIQUE AQUI E CHAMA NO WHATSAPP:
https://api.whatsapp.com/send/?phone=551231523625&text…

📍 Av. Rua Castro Alves, 180, Lorena | SP

#CristianoAutomóveis #seminovoscomgarantia #valedoparaiba #lorena #guaratingueta #carrosseminovos #carrosavenda #qualidadegarantida #lojafisica",0,"11/02/2022 07:11",N/A,https://www.facebook.com/cristianoautomoveisoficial/posts/pfbid0bhugtqcHT2i4AuoDoGsJuaDAtavqEVw5CBEMz1FjVkHbTVzsZThUFqTn4f2MxULZl,0,Foto,,,,,Vitalício,0,1775,0,0,2422,,,,,,,,,,,,,,,,,,,,,,,,,,,
500326628779873,437204840068250,"Cristiano Automóveis",,"📌Procurando uma Duster Oroch?! 
🚘Renault Duster
Oroch Dynamique 2.0 Automática Flex
📆2018/2019
_________________________________
IPVA 2022 PAGO
_________________________________
Direção eletro-hidráulica
Câmbio automático
Ar-Condicionado
Trava Elétrica
Vidros Elétricos
Volante Multifuncional
Volante com regulagem de altura
Bancos em couro
Banco com ajuste de altura
Freios ABS
Faróis de neblina
Alarme
Desembaçador traseiro
Rack de teto
Roda de liga leve
Faróis de neblina
Sensores de estacionamento
Multimídia original
Retrovisores elétricos

🚘Pegamos seu usado na troca 
💳Parcelamos no cartão até 18x 
🏦Financiamos em até 60x 

>>>>>CLIQUE AQUI E CHAMA NO WHATSAPP:
https://api.whatsapp.com/send/?phone=551231523625&text...

📍 Av. Rua Castro Alves, 180, Lorena | SP

#CristianoAutomóveis #seminovoscomgarantia #valedoparaiba #lorena #guaratingueta #carrosseminovos #carrosavenda #qualidadegarantida #lojafisica",0,"11/02/2022 12:11",N/A,https://www.facebook.com/cristianoautomoveisoficial/posts/pfbid0UR3k7Lv2eDqe85VKEoknprFWnfF1JyahURi4BRmH14ZF4EM25pQYktrvcmcP3jsHl,0,Foto,,,,,Vitalício,0,1360,0,0,1963,,,,,,,,,,,,,,,,,,,,,,,,,,,
500383162107553,437204840068250,"Cristiano Automóveis",,"📌Continuando a variedade de caminhonete disponível para você!
🚘 Toyota Hilux
3.0 STD 4×4 Diesel
📅 2014/2015
——————————
IPVA pago
——————————
Mais informações:
Direção Hidráulica
Câmbio manual
Ar-condicionado
Vidro elétrico
Multimídia
Freios ABS
Banco em couro
Airbag
Ajuste elétrico do banco
Volante multifuncional
Rodas de liga leve
Faróis de neblina
Capota marítima

🚘Pegamos seu usado na troca 
💳Parcelamos no cartão até 18x 
🏦Financiamos em até 60x 

>>>>>CLIQUE AQUI E CHAMA NO WHATSAPP:
https://api.whatsapp.com/send/?phone=551231523625&text…

📍 Av. Rua Castro Alves, 180, Lorena | SP
#CristianoAutomóveis #seminovoscomgarantia #valedoparaiba #lorena #guaratingueta #carrosseminovos #carrosavenda #qualidadegarantida #lojafisica",0,"11/02/2022 14:11",N/A,https://www.facebook.com/cristianoautomoveisoficial/posts/pfbid0wxFF4bZ3tRa1JiKpD9mgbbbHYvwdPqqLYnBWmu85PStvd6omj8mvEjVdpx3M1pyHl,0,Foto,,,,,Vitalício,0,923,0,0,1404,,,,,,,,,,,,,,,,,,,,,,,,,,,
500871508725385,437204840068250,"Cristiano Automóveis",,"📌Para quem é fã de hatch estiloso, se liga: 
🚘HYUNDAI I30
1.8 MPI GASOLINA
📆2014/2015
——————————
IPVA 2022 PAGO
——————————
Mais informações:
85.000 km
Direção Elétrica
Câmbio automático
Ar-condicionado
Vidro elétrico
Faróis de neblina
Volante Multifuncional
Rádio original
Bancos em couro
Sensor de estacionamento
Setas nos retrovisores
Rodas de liga leve diamantadas
Multimídia
GPS
Retrovisores rebatíveis eletricamente
Bancos e volante com ajuste de altura
Câmera de ré

🚘Pegamos seu usado na troca 
💳Parcelamos no cartão até 18x 
🏦Financiamos em até 60x 

>>>>>CLIQUE AQUI E CHAMA NO WHATSAPP:
https://api.whatsapp.com/send/?phone=551231523625&text...

📍Av. Rua Castro Alves, 180, Lorena | SP

#CristianoAutomóveis #seminovoscomgarantia #valedoparaiba #lorena #guaratingueta #carrosseminovos #carrosavenda #qualidadegarantida #lojafisica",0,"11/03/2022 07:11",N/A,https://www.facebook.com/cristianoautomoveisoficial/posts/pfbid02rPCdpeWSVwWJPfucB8wZJz57tFjT2brSekzfTYhMXPUduzoMHDbC5jmSDXnqyYRnl,0,Foto,,,,,Vitalício,0,1220,0,0,1962,,,,,,,,,,,,,,,,,,,,,,,,,,,
501102878702248,437204840068250,"Cristiano Automóveis",,"📌Ainda buscando a oportunidade de adquirir o primeiro carro?! Então corre para cá!
🚘Ford Fiesta
Class 1.6 Flex
📆2012/2013
_________________________________
IPVA 2022 PAGO
__________________________________
Direção Hidráulica
Câmbio manual
Ar-Condicionado
Trava Elétrica
Vidros Elétricos
Volante com regulagem de altura
Banco e volante com ajuste de altura
Freios ABS
Faróis de neblina
Alarme
Desembaçador e limpador traseiro

🚘Pegamos seu usado na troca 
💳Parcelamos no cartão até 18x 
🏦Financiamos em até 60x 

>>>>>CLIQUE AQUI E CHAMA NO WHATSAPP:
https://api.whatsapp.com/send/?phone=551231523625&text…

📍 Av. Rua Castro Alves, 180, Lorena | SP

#CristianoAutomóveis #seminovoscomgarantia #valedoparaiba #lorena #guaratingueta #carrosseminovos #carrosavenda #qualidadegarantida #lojafisica",0,"11/03/2022 12:11",N/A,https://www.facebook.com/cristianoautomoveisoficial/posts/pfbid0fMLhSSR4cYU1MY41gobiJ3o8sENwfstJRyuosVTFmuxUDCp4pZowWEtXt7vn21Qwl,0,Foto,,,,,Vitalício,0,828,0,0,1214,,,,,,,,,,,,,,,,,,,,,,,,,,,
501150875364115,437204840068250,"Cristiano Automóveis",,"💡Momento Curiosidade💡
Você sabia que em 2021, a Fiat Strada pela primeira vez em sua história liderou ranking de mais vendido no Brasil?! Pois acredite, é verdade! 
""Com 109.107 emplacamentos registrados, a Fiat Strada se tornou o 1º veículo comercial a comandar as vendas anuais em nosso país, reforçada pela liderança geral conquistada nos meses de março, abril, junho e agosto."" (Apud motor1.uol.com.br, por Thiago Parísio).",0,"11/03/2022 14:11",N/A,https://www.facebook.com/cristianoautomoveisoficial/posts/pfbid0aEciMnoQEZ6Nu3W46RZzbBiUjnAirJi6LTrGaeMix6Y2ctC5RPbb4tG4jftXyHvXl,0,Foto,,,,,Vitalício,0,9,0,0,10,,,,,,,,,,,,,,,,,,,,,,,,,,,
501730838639452,437204840068250,"Cristiano Automóveis",,"🚘 Fiat Uno
1.0 Vivace Flex
📅 2014/2014
——————————
IPVA 2022 PAGO
——————————
Mais informações:
Direção Mecânica
Câmbio Manual
Básico
2 portas
Desembaçador traseiro
Revisado
Pneus novos
 
🚘Pegamos seu usado na troca
💳Parcelamos no cartão até 18x
🏦Financiamos em até 60x

>>>>>CLIQUE AQUI E CHAMA NO WHATSAPP: 
https://api.whatsapp.com/send/?phone=551231523625&text…

📍 Av. Rua Castro Alves, 180, Lorena | SP 

#CristianoAutomóveis #seminovoscomgarantia #valedoparaiba #lorena #guaratingueta #carrosseminovos #carrosavenda #qualidadegarantida #lojafisica",0,"11/04/2022 07:11",N/A,https://www.facebook.com/cristianoautomoveisoficial/posts/pfbid0iPAjkjYDHhY2pmvPRnSqieK8FXCuUPmxXkUvfwM4rMCsKnM93ggE8LSAehuL4Ys2l,0,Foto,,,,,Vitalício,0,1028,0,0,1499,,,,,,,,,,,,,,,,,,,,,,,,,,,
501911208621415,437204840068250,"Cristiano Automóveis",,"📌SEXTOU e hoje é dia de novidade aqui na CRISTIANO AUTOMÓVEIS, se liga: 
🚘Chevrolet Cruze
LTZ 1.8 Flex
📆2013/2013
——————————
IPVA 2022 PAGO
——————————
Mais informações:
106.000 km
Direção Elétrica
Câmbio automático
Ar-condicionado
Vidro elétrico
Airbag 
Freios ABS
Alarme 
Volante Multifuncional
Multimídia
GPS
Bancos em couro em tom caramelo 
Bancos e volante com ajuste de altura
Porta copos 
Sensor de estacionamento
Câmera de ré 
Rodas de liga leve 
Faróis de neblina

🚘Pegamos seu usado na troca 
💳Parcelamos no cartão até 18x 
🏦Financiamos em até 60x 

>>>>>CLIQUE AQUI E CHAMA NO WHATSAPP:
https://api.whatsapp.com/send/?phone=551231523625&text...
📍Av. Rua Castro Alves, 180, Lorena | SP
#CristianoAutomóveis #seminovoscomgarantia #valedoparaiba #lorena #guaratingueta #carrosseminovos #carrosavenda #qualidadegarantida #lojafisica",0,"11/04/2022 12:11",N/A,https://www.facebook.com/cristianoautomoveisoficial/posts/pfbid0YZdxRpbXqmn4UADajUjKuhWHLt8DzuMxgPqxhB3JTpTQMqRMLGbCR4nadzyUdgxfl,0,Foto,,,,,Vitalício,0,83,0,0,154,,,,,,,,,,,,,,,,,,,,,,,,,,,
501968595282343,437204840068250,"Cristiano Automóveis",,"📌Para você que precisa de um carro mais alto, se liga:
🚘Ford EcoSport
XLT 2.0 Flex Automática
📆2011/2012
_________________________________
IPVA 2022 PAGO
_________________________________
Direção Hidráulica
Câmbio Automático
Ar-Condicionado
Trava Elétrica
Vidros Elétricos
Volante com regulagem de altura
Banco e volante com ajuste de altura
Freios ABS
Faróis de neblina
Alarme
Rádio original
Bluetooh
Comando de rádio no volante
Desembaçador e limpador traseiro
Roda de liga leve

🚘Pegamos seu veículo na troca
💳Parcelamos sua entrada em até 18x no cartão
🏦Financiamento em até 60x

>>>>>CLIQUE AQUI E CHAMA NO WHATSAPP: 
https://api.whatsapp.com/send/?phone=551231523625&text…

📍 Av. Rua Castro Alves, 180, Lorena | SP 

#CristianoAutomóveis #seminovoscomgarantia #valedoparaiba #lorena #guaratingueta #carrosseminovos #carrosavenda #qualidadegarantida #lojafisica",0,"11/04/2022 14:11",N/A,https://www.facebook.com/cristianoautomoveisoficial/posts/pfbid0d7AM8rmhzgHv2MQyTcZaLJNtBuPytSCyiDcsNmZEFaNftyciTDCb2qbpW4XJceSAl,0,Foto,,,,,Vitalício,0,1056,0,0,1563,,,,,,,,,,,,,,,,,,,,,,,,,,,
501987161947153,437204840068250,"Cristiano Automóveis",,"📌Você está em busca de Camionetes? 
Vem que tem!

🚘Pegamos seu usado
🏦Financiamos em até 60x
💳Parcelamos no cartão de crédito até 18x

>>>>>CLIQUE AQUI E CHAMA NO WHATSAPP:
https://api.whatsapp.com/send/?phone=551231523625&text&app_absent=0

📍 Av. Rua Castro Alves, 180, Lorena | SP

#CristianoAutomóveis #seminovoscomgarantia #valedoparaiba #lorena #guaratingueta #carrosseminovos #carrosavenda #qualidadegarantida #lojafisica",110,"11/04/2022 15:11",N/A,https://www.facebook.com/cristianoautomoveisoficial/posts/pfbid02Xp4ZDjZHzSU4z72c3xXBeG1C3r73GLn4DDEvDp5BwusvFH8FvcwsmQifhfj7TCyil,0,Vídeo,,,,,Vitalício,9847,456,0,0,651,9846,1,,,2533,7296,948,1484,1830,2459,2091,1033,0,606,342,993,491,1409,420,1907,551,1612,475,769,254,0,0
502451231900746,437204840068250,"Cristiano Automóveis",,"ALCANCE SEUS SONHOS! 
Agradecemos a preferência e faça como ele, corre pra cá!
Espero por você! 
Entre em contato com nossos consultores e aproveite!

>>>>>CLIQUE AQUI E CHAMA NO WHATSAPP:
https://api.whatsapp.com/send/?phone=551231523625&text&app_absent=0

📍 Av. Rua Castro Alves, 180, Lorena | SP

#CristianoAutomóveis #seminovoscomgarantia #valedoparaiba #lorena #guaratingueta #carrosseminovos #carrosavenda #qualidadegarantida #lojafisica",0,"11/05/2022 06:11",N/A,https://www.facebook.com/cristianoautomoveisoficial/posts/pfbid035gYza6Cda7mShbH4aNeVU1ccMFqvS6bxsDcfjERP57E7MbF3SYViqcRyauaCgi4Pl,0,Foto,,,,,Vitalício,0,18,0,0,19,,,,,,,,,,,,,,,,,,,,,,,,,,,
502489195230283,437204840068250,"Cristiano Automóveis",,"📌 Corre que ainda dá tempo de ter seu primeiro carro ainda esse ano...
🚘 Chevrolet Classic
LS 1.0 Flex
📅 2013/2013
——————————
IPVA pago
——————————
Mais informações:
Direção hidráulica
Câmbio manual
Desembaçador traseiro
4 portas

🚘Pegamos seu veículo na troca
💳Parcelamos sua entrada em até 18x no cartão
🏦Financiamento em até 60x

>>>>>CLIQUE AQUI E CHAMA NO WHATSAPP: 
https://api.whatsapp.com/send/?phone=551231523625&text…

📍 Av. Rua Castro Alves, 180, Lorena | SP 

#CristianoAutomóveis #seminovoscomgarantia #valedoparaiba #lorena #guaratingueta #carrosseminovos #carrosavenda #qualidadegarantida #lojafisica",0,"11/05/2022 07:11",N/A,https://www.facebook.com/cristianoautomoveisoficial/posts/pfbid02d5QwYPo9i78gaapojpQ9ZWRZbsLfGzCbd7hePE8sgLVdxgns7y33t88n7i27bbKNl,0,Foto,,,,,Vitalício,0,951,0,0,1395,,,,,,,,,,,,,,,,,,,,,,,,,,,
502503405228862,437204840068250,"Cristiano Automóveis",,"ALCANCE SEUS SONHOS! 
Agradecemos a preferência e faça como ele, corre pra cá!
Espero por você! 
Entre em contato com nossos consultores e aproveite!

>>>>>CLIQUE AQUI E CHAMA NO WHATSAPP:
https://api.whatsapp.com/send/?phone=551231523625&text&app_absent=0

📍 Av. Rua Castro Alves, 180, Lorena | SP

#CristianoAutomóveis #seminovoscomgarantia #valedoparaiba #lorena #guaratingueta #carrosseminovos #carrosavenda #qualidadegarantida #lojafisica",0,"11/05/2022 07:11",N/A,https://www.facebook.com/cristianoautomoveisoficial/posts/pfbid0LBoMFgiufjC7L5dBBtAdtqGKx1xLS5Q9NJKtWodCG6dxpU1AtMnZvgTfuJUcKpoNl,0,Foto,,,,,Vitalício,0,21,0,0,24,,,,,,,,,,,,,,,,,,,,,,,,,,,
502850828527453,437204840068250,"Cristiano Automóveis",,"🚨ATENÇÃO 🤩
A Pajero Dakar diesel de 7 lugares mais nova do Brasil!

🚘 A melhor avaliação da região no seu usado
🏦 Financiamentos em até 72 X
💳 Entrada ou parcelamento total no Cartão em até 18x

>>>>>CLIQUE AQUI E CHAMA NO WHATSAPP:
https://api.whatsapp.com/send/?phone=551231523625&text&app_absent=0

📍 Av. Rua Castro Alves, 180, Lorena | SP

#CristianoAutomóveis #seminovoscomgarantia #valedoparaiba #lorena #guaratingueta #carrosseminovos #carrosavenda #qualidadegarantida #lojafisica 
#pajerodakar #sw4diamond",61,"11/05/2022 16:11",N/A,https://www.facebook.com/cristianoautomoveisoficial/posts/pfbid02CXyA4pafLueLpFwdrqUXQHp2NtGYMgDsoNBwo9kdf1ddS5pTNqPJsqYzQJC9hqpUl,0,Vídeo,,,,,Vitalício,10706,212,0,0,275,10704,,1,1,2066,8622,555,913,1456,2571,3335,1875,1,415,140,686,227,1182,273,2105,464,2679,644,1555,317,0,1
503548338457702,437204840068250,"Cristiano Automóveis",,"📌está procurando um carro para trabalho e que possa passear com conforto?! Então se liga:
🚘Fiat Palio
Weekend Adventure Locker 1.8 Flex
📆2010/2011
——————————
IPVA 2022 PAGO
——————————
Mais informações:
148.000 km
Direção Hidráulica
Câmbio manual
Ar-condicionado
Vidro elétrico
Airbag
Freios ABS
Faróis de Neblina 
Banco e volante com ajuste de altura
Engate
Setas nos retrovisores
Rack de teto 
Câmera de ré
Rodas de liga leve
Faróis de neblina

🚘Pegamos seu usado na troca
💳Parcelamos no cartão até 18x
🏦Financiamos em até 60x

>>>>>CLIQUE AQUI E CHAMA NO WHATSAPP:   
https://api.whatsapp.com/send/?phone=551231523625&text…

📍 Av. Rua Castro Alves, 180, Lorena | SP 

#CristianoAutomóveis #seminovoscomgarantia #valedoparaiba #lorena #guaratingueta #carrosseminovos #carrosavenda #qualidadegarantida #lojafisica",0,"11/06/2022 13:11",N/A,https://www.facebook.com/cristianoautomoveisoficial/posts/pfbid022LACeZfxWQa9xVmGT11UaFtPuf6VxnZupQvbdDiYwHmZNas7My5tpqhZPMu4Jrfnl,0,Foto,,,,,Vitalício,0,766,0,0,1191,,,,,,,,,,,,,,,,,,,,,,,,,,,
504024301743439,437204840068250,"Cristiano Automóveis",,"📌Aos apaixonados em Sedã:
🚘 Ford Fusion
SEL 3.0 V6 AWD Gasolina
📅 2009/2010
——————————
IPVA pago
——————————
Mais informações:
Direção elétrica
Câmbio automático
Ar-condicionado
Vidros elétricos
Alarme
Senha na porta do motorista
Ar quente
Volante Multifuncional
Multimídia
Sistema de som Sony
GPS
Bancos em couro
Banco com ajuste elétrico
Volante com ajuste de altura
Airbags
Freio ABS
Isofix
Sensor de estacionamento
Rodas de liga leve em Black-piano

🚘Pegamos seu veículo na troca
💳Parcelamos sua entrada em até 18x no cartão
🏦Financiamento em até 60x

>>>>>CLIQUE AQUI E CHAMA NO WHATSAPP: 
https://api.whatsapp.com/send/?phone=551231523625&text…

📍 Av. Rua Castro Alves, 180, Lorena | SP 

#CristianoAutomóveis #seminovoscomgarantia #valedoparaiba #lorena #guaratingueta #carrosseminovos #carrosavenda #qualidadegarantida #lojafisica",0,"11/07/2022 06:11",N/A,https://www.facebook.com/cristianoautomoveisoficial/posts/pfbid02naGaQegNQgUurjemQSXkB2Ljw5SFX9TBJ9bBKA8t8arm1eqd2QY5QJ8taXtZc9frl,0,Foto,,,,,Vitalício,0,1335,0,0,2011,,,,,,,,,,,,,,,,,,,,,,,,,,,
504204201725449,437204840068250,"Cristiano Automóveis",,"Se cuidar é o ato mais importante e nobre que você pode fazer por si mesmo, e nós da Cristiano Automóveis de apoiamos nessa luta.",0,"11/07/2022 11:11",N/A,https://www.facebook.com/cristianoautomoveisoficial/posts/pfbid0264wZWrpbKcx2wkgwQmyNEzyHaRcB4M8CtF3gVEzL7yeMWtugzS92MFPkrQzc3Wobl,0,Foto,,,,,Vitalício,0,2,0,0,2,,,,,,,,,,,,,,,,,,,,,,,,,,,
504217575057445,437204840068250,"Cristiano Automóveis",,"Essa nem deu tempo de postar hein, já foi embora!

ALCANCE SEUS SONHOS! 
Agradecemos a preferência e faça como ele, corre pra cá!
Espero por você! 
Entre em contato com nossos consultores e aproveite!

>>>>>CLIQUE AQUI E CHAMA NO WHATSAPP:
https://api.whatsapp.com/send/?phone=551231523625&text&app_absent=0

📍 Av. Rua Castro Alves, 180, Lorena | SP

#CristianoAutomóveis #seminovoscomgarantia #valedoparaiba #lorena #guaratingueta #carrosseminovos #carrosavenda #qualidadegarantida #lojafisica",0,"11/07/2022 12:11",N/A,https://www.facebook.com/cristianoautomoveisoficial/posts/pfbid02twwoCgTUwSFxr1Rr42zZZKZ9HWwbAvbeS45huHMtLfu3HaaZHr1JYAh9JpyfPkhwl,0,Foto,,,,,Vitalício,0,17,0,0,19,,,,,,,,,,,,,,,,,,,,,,,,,,,
504253275053875,437204840068250,"Cristiano Automóveis",,"🚘 Volkswagen Gol
1.6 Power Imotion
📅 2010/2011
——————————
IPVA 2022 PAGO
——————————
Mais informações:
Direção Hidráulica
Câmbio Imotion
Vidro elétrico
Trava elétrica
Rodas de liga leve
Farois de neblina
Volante e banco com ajuste de altura

Desembaçador e limpador traseiro

🚘Pegamos seu usado na troca
💳Parcelamos no cartão até 18x
🏦Financiamos em até 60x

>>>>>CLIQUE AQUI E CHAMA NO WHATSAPP: 
https://api.whatsapp.com/send/?phone=551231523625&text…

📍 Av. Rua Castro Alves, 180, Lorena | SP 

#CristianoAutomóveis #seminovoscomgarantia #valedoparaiba #lorena #guaratingueta #carrosseminovos #carrosavenda #qualidadegarantida #lojafisica",0,"11/07/2022 13:11",N/A,https://www.facebook.com/cristianoautomoveisoficial/posts/pfbid02ntwisJjqA6mFUEGqwtxdQf1MfXjUvJMZYnXwy5RKMSpQVnnD5Cr3ZAX2kwfUQ3owl,0,Foto,,,,,Vitalício,0,1362,0,0,2162,,,,,,,,,,,,,,,,,,,,,,,,,,,
505036931642176,437204840068250,"Cristiano Automóveis",,"📢 Aoow meu amigo e minha amiga, sabe aquela nave que você está buscando?🚘😎essa vai chamar a atenção e também vai proporcionar conforto pra família, só um spoiler, tem botão star-stop, teto solar🤩 e o melhor de tudo, custa menos de 45 mil🤑
Já chama no WhatsApp que dá negócio, vamos pegar seu veículo na troca, mas se liga nos opcionais abaixo: 👇🏽

🚘 FORD FOCUS
2.0 GHIA GASOLINA AUTOMÁTICO
📅 2010/2010
——————————
IPVA pago
——————————
Mais informações:
Direção eletro-hidráulica
Câmbio automático
Vidros elétricos
Travas elétricas
Airbag
Alarme
Chave presencial
Bancos em couro
Volante multifuncional
Bancos e volante com ajuste de altura
Multimídia
Teto solar
Apoio de braço com porta copos
Setas nos retrovisores
Sensores e câmera de ré
Rodas de liga leve
Faróis de neblina
Desembaçador traseiro

🚘Pegamos seu usado na troca 
💳Parcelamos no cartão até 18x 
🏦Financiamos em até 60x 

>>>>>CLIQUE AQUI E CHAMA NO WHATSAPP:
https://api.whatsapp.com/send/?phone=551231523625&text…
📍 Av. Rua Castro Alves, 180, Lorena | SP
#CristianoAutomóveis #seminovoscomgarantia #valedoparaiba #lorena #guaratingueta #carrosseminovos #carrosavenda #qualidadegarantida #lojafisica",0,"11/08/2022 13:11",N/A,https://www.facebook.com/cristianoautomoveisoficial/posts/pfbid02beQz3bqXzHKau8cczwBMABFCYxYxSpyB4mdnsMYmYmFF4GrcfLAJBhg6wkt2efWWl,0,Foto,,,,,Vitalício,0,783,0,0,1160,,,,,,,,,,,,,,,,,,,,,,,,,,,
505573514921851,437204840068250,"Cristiano Automóveis",,"📞 Alô menino da pecuária🤠🏇🏻, se liga na máquina que chegou aqui pra você passar uns dias na cidade. 
É pra incomodar, é pra chamar a atenção por onde passar😎 S10 4x4 rebaixada, com rodas aro 22, e o melhor de tudo, legalizada. E aproveita, essa fera estava 138.990 vamos fazer uma oferta pra você ir embora hoje, de S10, chaama.

🚘 CHEVROLET S10
2.5 LTZ 4X4 CD 16V FLEX 4P MANUAL
📅 2016/2016
——————————
IPVA pago
——————————
Mais informações:
Direção hidráulica
Câmbio manual
Travas elétricas
Vidros elétricos
Alarme
Freio ABS
Air bag do motorista
Rodas de liga leve
Bancos de couro
Desembaçador traseiro
Air bag duplo
Tração 4×4
Controle automático de velocidade
Ar-condicionado digital
Farol de neblina
Comando de áudio e telefone no volante
Controle de estabilidad
Distribuição eletrônica de frenagem

🚘Pegamos seu usado na troca 
💳Parcelamos no cartão até 18x 
🏦Financiamos em até 60x 

>>>>>CLIQUE AQUI E CHAMA NO WHATSAPP:
https://api.whatsapp.com/send/?phone=551231523625&text...
📍 Av. Rua Castro Alves, 180, Lorena | SP
#CristianoAutomóveis #seminovoscomgarantia #valedoparaiba #lorena #guaratingueta #carrosseminovos #carrosavenda #qualidadegarantida #lojafisica",0,"11/09/2022 06:11",N/A,https://www.facebook.com/cristianoautomoveisoficial/posts/pfbid02d55wPnXpvetFKRaUgGuHe5Eikwu2hF1BTitfwnb11Lk5tHBLcgqxUocwHUHLSUxVl,0,Foto,,,,,Vitalício,0,1801,0,0,2172,,,,,,,,,,,,,,,,,,,,,,,,,,,
505666041579265,437204840068250,"Cristiano Automóveis",,"ALCANCE SEUS SONHOS! 
Agradecemos a preferência e faça como ele, corre pra cá!
Espero por você! 
Entre em contato com nossos consultores e aproveite!

>>>>>CLIQUE AQUI E CHAMA NO WHATSAPP:
https://api.whatsapp.com/send/?phone=551231523625&text&app_absent=0

📍 Av. Rua Castro Alves, 180, Lorena | SP

#CristianoAutomóveis #seminovoscomgarantia #valedoparaiba #lorena #guaratingueta #carrosseminovos #carrosavenda #qualidadegarantida #lojafisica",0,"11/09/2022 09:11",N/A,https://www.facebook.com/cristianoautomoveisoficial/posts/pfbid02pHsMXUzq5ebuJcKKEGcVwi8WFSQoT81L9tFeEpUvBWhucrB1WzgFf3JsLveRT51Vl,0,Foto,,,,,Vitalício,0,7,0,0,7,,,,,,,,,,,,,,,,,,,,,,,,,,,
506188891526980,437204840068250,"Cristiano Automóveis",,"Ainda sobre a nossa quarta-feira 🎯🚀

ALCANCE SEUS SONHOS! 
Agradecemos a preferência e faça como ele, corre pra cá!
Espero por você! 
Entre em contato com nossos consultores e aproveite!

>>>>>CLIQUE AQUI E CHAMA NO WHATSAPP:
https://api.whatsapp.com/send/?phone=551231523625&text&app_absent=0

📍 Av. Rua Castro Alves, 180, Lorena | SP

#CristianoAutomóveis #seminovoscomgarantia #valedoparaiba #lorena #guaratingueta #carrosseminovos #carrosavenda #qualidadegarantida #lojafisica",0,"11/10/2022 04:11",N/A,https://www.facebook.com/cristianoautomoveisoficial/posts/pfbid02wAhoXdHmV5dXDeJkvqcGxxXLudEdJ4xE2X3rxkLr9EJwxqkxpAfzVvKqo8TT1EBsl,0,Foto,,,,,Vitalício,0,14,0,0,14,,,,,,,,,,,,,,,,,,,,,,,,,,,
506476904831512,437204840068250,"Cristiano Automóveis",,"Ainda sobre a nossa quarta-feira 🎯🚀

ALCANCE SEUS SONHOS! 
Agradecemos a preferência e faça como ele, corre pra cá!
Espero por você! 
Entre em contato com nossos consultores e aproveite!

>>>>>CLIQUE AQUI E CHAMA NO WHATSAPP:
https://api.whatsapp.com/send/?phone=551231523625&text&app_absent=0

📍 Av. Rua Castro Alves, 180, Lorena | SP

#CristianoAutomóveis #seminovoscomgarantia #valedoparaiba #lorena #guaratingueta #carrosseminovos #carrosavenda #qualidadegarantida #lojafisica",0,"11/10/2022 12:11",N/A,https://www.facebook.com/cristianoautomoveisoficial/posts/pfbid0JqH3ajRrLEzS6pJdzUuS37fehMkKrPjKdGLcdpr8VDgt6bnR9bTcBo5CttR2bLPdl,0,Foto,,,,,Vitalício,0,15,0,0,17,,,,,,,,,,,,,,,,,,,,,,,,,,,
506911684788034,437204840068250,"Cristiano Automóveis",,"E assim finalizamos nossa quinta-feira 🎯🚀

ALCANCE SEUS SONHOS! 
Agradecemos a preferência e faça como ele, corre pra cá!
Espero por você! 
Entre em contato com nossos consultores e aproveite!
>>>>>CLIQUE AQUI E CHAMA NO WHATSAPP:
https://api.whatsapp.com/send/?phone=551231523625&text...
📍 Av. Rua Castro Alves, 180, Lorena | SP
#CristianoAutomóveis #seminovoscomgarantia #valedoparaiba #lorena #guaratingueta #carrosseminovos #carrosavenda #qualidadegarantida #lojafisica",0,"11/11/2022 04:11",N/A,https://www.facebook.com/cristianoautomoveisoficial/posts/pfbid0r2tY6B2XFjhv4V7rMVjQRUb72WvmqjETrgv3r1jGUZSjwskppLzfgjTMfZsH1chrl,0,Foto,,,,,Vitalício,0,28,0,0,32,,,,,,,,,,,,,,,,,,,,,,,,,,,
507094274769775,437204840068250,"Cristiano Automóveis",,"📌Esse não tem pra ninguém, é o carro mais querido e desejado por nós brasileiros, um carro fenomenal, é uma junção de design único, estabilidade, tecnologia, espaço interno, conforto, esportividade e confiança mecânica.
Essa é a mosca branca, é o civic mais novo do vale e região, único dono e não se encontra igual!

🚘 Honda Civic
EXL 2.0 Flex
📆2018/2019
——————————
IPVA 2022 PAGO
——————————
Mais informações:
23 mil km
Direção elétricca
Câmbio CVT de 7 marchas
Ar-condicionado
Airbags de cortina, frontais e laterais
Freios ABS
Controle de tração e estabilidade
Faróis de Neblina
Bancos em couro
Banco e volante com ajuste de altura
Engate
Setas nos retrovisores
Câmera de ré + sensores de estacionamento
Rodas de liga leve
Central de multimidia + espelhamento de tela do celular
GPS
Paddle Shift (troca de marchas no volante)
Volante multifuncional
Rebatimento elétrico dos retovisores
Freio de estacionamento eletrônico
ISOFIX

🚘Pegamos seu usado na troca
💳Parcelamos no cartão até 18x
🏦Financiamos em até 60x

>>>>>CLIQUE AQUI E CHAMA NO WHATSAPP:   
https://api.whatsapp.com/send/?phone=551231523625&text…
📍 Av. Rua Castro Alves, 180, Lorena | SP 
#CristianoAutomóveis #seminovoscomgarantia #valedoparaiba #lorena #guaratingueta #carrosseminovos #carrosavenda #qualidadegarantida #lojafisica",0,"11/11/2022 07:11",N/A,https://www.facebook.com/cristianoautomoveisoficial/posts/pfbid02JG5ScNNQMZAPMSzoQJotkNSKGBZdnJdzGVWGtkUpfCqAnVC2xxCNwiLpHd8Ld148l,0,Foto,,,,,Vitalício,0,1424,0,0,1944,,,,,,,,,,,,,,,,,,,,,,,,,,,
507227574756445,437204840068250,"Cristiano Automóveis",,"Hb20s entregue para o nosso amigo rodrigo de Passa Quatro - MG

ALCANCE SEUS SONHOS! 
Agradecemos a preferência e faça como ele, corre pra cá!
Espero por você! 
Entre em contato com nossos consultores e aproveite!
>>>>>CLIQUE AQUI E CHAMA NO WHATSAPP:
https://api.whatsapp.com/send/?phone=551231523625&text...
📍 Av. Rua Castro Alves, 180, Lorena | SP
#CristianoAutomóveis #seminovoscomgarantia #valedoparaiba #lorena #guaratingueta #carrosseminovos #carrosavenda #qualidadegarantida #lojafisica",0,"11/11/2022 11:11",N/A,https://www.facebook.com/cristianoautomoveisoficial/posts/pfbid0GMZHFFqYSHBhvPbzF3H3t9kjjHUXGkA3ecauApF3umhK55xzR5G2STsyr2DJRgsvl,0,Foto,,,,,Vitalício,0,56,0,0,75,,,,,,,,,,,,,,,,,,,,,,,,,,,
507271308085405,437204840068250,"Cristiano Automóveis",,"📌 Chegou mais uma novidade!
essa é pra você que já não se aguentava mais, que busca 3 coisas, 1º Carro 4x4, 2º Não quer um carro à diesel e 3º não quer investir muito.
Apresento a vocês, Mitsubishi Pajero TR4 4x4, confere ai;

🚘 Mitsubishi Pajero TR4
2.0 Gasolina 4x4 automática
📆2005/2006
——————————
IPVA 2022 PAGO
——————————
Mais informações:
Direção hidráulica
Ar-condicionado
Airbag 
travas elétricas
Vidros elétricos
Desembaçador traseiro
Faróis de Neblina
Banco e volante com ajuste de altura
Rodas de liga leve
Engate
Estribo

🚘Pegamos seu usado na troca
💳Parcelamos no cartão até 18x
🏦Financiamos em até 60x
>>>>>CLIQUE AQUI E CHAMA NO WHATSAPP:   
https://api.whatsapp.com/send/?phone=551231523625&text…
📍 Av. Rua Castro Alves, 180, Lorena | SP 
#CristianoAutomóveis #seminovoscomgarantia #valedoparaiba #lorena #guaratingueta #carrosseminovos #carrosavenda #qualidadegarantida #lojafisica",0,"11/11/2022 12:11",N/A,https://www.facebook.com/cristianoautomoveisoficial/posts/pfbid0XGq3CzbuuX6zZBFPjt7khXJ5Mvcc9USFTASraxx2owp637GPWaeBCstDfuywKdxEl,0,Foto,,,,,Vitalício,0,955,0,0,1450,,,,,,,,,,,,,,,,,,,,,,,,,,,
507278874751315,437204840068250,"Cristiano Automóveis",,"Seeextou por aqui, mais um sonho realizado, a Cristiano Automóveis não para, vem você também para a fábrica dos sonhos.

ALCANCE SEUS SONHOS! 
Agradecemos a preferência e faça como ele, corre pra cá!
Espero por você! 
Entre em contato com nossos consultores e aproveite!
>>>>>CLIQUE AQUI E CHAMA NO WHATSAPP:
https://api.whatsapp.com/send/?phone=551231523625&text...
📍 Av. Rua Castro Alves, 180, Lorena | SP
#CristianoAutomóveis #seminovoscomgarantia #valedoparaiba #lorena #guaratingueta #carrosseminovos #carrosavenda #qualidadegarantida #lojafisica",0,"11/11/2022 12:11",N/A,https://www.facebook.com/cristianoautomoveisoficial/posts/pfbid0H2yvSRJBaTFbYZq9ryfzgjxLmGGzfk6LW47AtdFoptE2rRXWfR16a6vjyCFCHYDsl,0,Foto,,,,,Vitalício,0,23,0,0,24,,,,,,,,,,,,,,,,,,,,,,,,,,,
507313454747857,437204840068250,"Cristiano Automóveis",,"📌Aqui está todo o conforto e segurança que sua família merece, se liga: 
🚘Chevrolet Cruze
LTZ 1.8 Flex
📆2013/2013
——————————
IPVA 2022 PAGO
——————————
Mais informações:
Direção Elétrica
Câmbio automático
Ar-condicionado
Vidro elétrico
Airbag 
Freios ABS
Alarme 
Volante Multifuncional
Multimídia
GPS
Bancos em couro em tom caramelo 
Bancos e volante com ajuste de altura
Porta copos 
Sensor de estacionamento
Câmera de ré 
Rodas de liga leve 
Faróis de neblina
Start-Stop 

🚘Pegamos seu usado na troca 
💳Parcelamos no cartão até 18x 
🏦Financiamos em até 60x 
>>>>>CLIQUE AQUI E CHAMA NO WHATSAPP:
https://api.whatsapp.com/send/?phone=551231523625&text...
📍Av. Rua Castro Alves, 180, Lorena | SP
#CristianoAutomóveis #seminovoscomgarantia #valedoparaiba #lorena #guaratingueta #carrosseminovos #carrosavenda #qualidadegarantida #lojafisica",0,"11/11/2022 13:11",N/A,https://www.facebook.com/cristianoautomoveisoficial/posts/pfbid0JtmmGTDjswG7ofzcugCTh321dCbHBNY5sRcE6pnNeMdTNjPsV2ckS3vrjAmeG5W5l,0,Foto,,,,,Vitalício,0,736,0,0,1153,,,,,,,,,,,,,,,,,,,,,,,,,,,
507908371355032,437204840068250,"Cristiano Automóveis",,"Sabadoou na Cristiano Automóveis, realizando mais um sonho 🚀

ALCANCE SEUS SONHOS! 
Agradecemos a preferência e faça como ele, corre pra cá!
Espero por você! 
Entre em contato com nossos consultores e aproveite!
>>>>>CLIQUE AQUI E CHAMA NO WHATSAPP:
https://api.whatsapp.com/send/?phone=551231523625&text...
📍 Av. Rua Castro Alves, 180, Lorena | SP
#CristianoAutomóveis #seminovoscomgarantia #valedoparaiba #lorena #guaratingueta #carrosseminovos #carrosavenda #qualidadegarantida #lojafisica",0,"11/12/2022 08:11",N/A,https://www.facebook.com/cristianoautomoveisoficial/posts/pfbid02tvxpC6JcRZCEk9eWvXJi1vqG972DbKUm7PX2MNeSuTf5KYak88WeE3L1U6mbuBwFl,0,Foto,,,,,Vitalício,0,21,0,0,23,,,,,,,,,,,,,,,,,,,,,,,,,,,
507909904688212,437204840068250,"Cristiano Automóveis",,"Aqui não paramos nuuunca, fazemos o que amamos, realizamos sonhos 🚀

ALCANCE SEUS SONHOS! 
Agradecemos a preferência e faça como ele, corre pra cá!
Espero por você! 
Entre em contato com nossos consultores e aproveite!
>>>>>CLIQUE AQUI E CHAMA NO WHATSAPP:
https://api.whatsapp.com/send/?phone=551231523625&text...
📍 Av. Rua Castro Alves, 180, Lorena | SP
#CristianoAutomóveis #seminovoscomgarantia #valedoparaiba #lorena #guaratingueta #carrosseminovos #carrosavenda #qualidadegarantida #lojafisica",0,"11/12/2022 08:11",N/A,https://www.facebook.com/cristianoautomoveisoficial/posts/pfbid02mVN5uuxBfabQneD6BavYQ1cLK7LwpvQibSNeAGD8WEjMuJMVUNoJ5XbR5Hrxvk9Pl,0,Foto,,,,,Vitalício,0,6,0,0,6,,,,,,,,,,,,,,,,,,,,,,,,,,,
507910921354777,437204840068250,"Cristiano Automóveis",,"3º sonho realizado no dia.
Vem pra fábrica dos sonhos!🚀🏆🎯

ALCANCE SEUS SONHOS! 
Agradecemos a preferência e faça como ele, corre pra cá!
Espero por você! 
Entre em contato com nossos consultores e aproveite!
>>>>>CLIQUE AQUI E CHAMA NO WHATSAPP:
https://api.whatsapp.com/send/?phone=551231523625&text...
📍 Av. Rua Castro Alves, 180, Lorena | SP
#CristianoAutomóveis #seminovoscomgarantia #valedoparaiba #lorena #guaratingueta #carrosseminovos #carrosavenda #qualidadegarantida #lojafisica",0,"11/12/2022 09:11",N/A,https://www.facebook.com/cristianoautomoveisoficial/posts/pfbid07P4YoLmfpxXgs9RoDuhLfD9wZXx9xgikezQqZHwwK2UzcZcDpaD62bf3GLQdP2Vnl,0,Foto,,,,,Vitalício,0,15,0,0,18,,,,,,,,,,,,,,,,,,,,,,,,,,,
507984101347459,437204840068250,"Cristiano Automóveis",,"E como já dizemos, a fábrica dos sonhos não para nunca, plantão de vendas em horário normal na segunda-feira (14/11) e terça-feira (15/11) aproveite o feriadão, e saia de carro novo!

Esperamos por você! 
Entre em contato com nossos consultores e aproveite!
>>>>>CLIQUE AQUI E CHAMA NO WHATSAPP:
https://api.whatsapp.com/send/?phone=551231523625&text...
📍 Av. Rua Castro Alves, 180, Lorena | SP
#CristianoAutomóveis #seminovoscomgarantia #valedoparaiba #lorena #guaratingueta #carrosseminovos #carrosavenda #qualidadegarantida #lojafisica",0,"11/12/2022 11:11",N/A,https://www.facebook.com/cristianoautomoveisoficial/posts/pfbid02CmWbXxAiTc8wLoHa9va3jZ7fvHT6QU6c1KzgwkuV5wP9EErdJ4WKr4RbaeHcvVEql,0,Foto,,,,,Vitalício,0,5,0,0,6,,,,,,,,,,,,,,,,,,,,,,,,,,,
507993114679891,437204840068250,"Cristiano Automóveis",,"Ecerrando o nosso sábado com chave de ouro, foram 4 sonhos realizados hoje🚘💭🎯🤩

ALCANCE SEUS SONHOS! 
Agradecemos a preferência e faça como ele, corre pra cá!
Espero por você! 
Entre em contato com nossos consultores e aproveite!
>>>>>CLIQUE AQUI E CHAMA NO WHATSAPP:
https://api.whatsapp.com/send/?phone=551231523625&text...
📍 Av. Rua Castro Alves, 180, Lorena | SP
#CristianoAutomóveis #seminovoscomgarantia #valedoparaiba #lorena #guaratingueta #carrosseminovos #carrosavenda #qualidadegarantida #lojafisica",0,"11/12/2022 11:11",N/A,https://www.facebook.com/cristianoautomoveisoficial/posts/pfbid05LTbe1VKn7J52JMrsYqxNRZZMaekbmZhLp7k4uY2j4xx98udkpEBKeqseXkHQBtWl,0,Foto,,,,,Vitalício,0,24,0,0,26,,,,,,,,,,,,,,,,,,,,,,,,,,,
509432137869322,437204840068250,"Cristiano Automóveis",,"📌está procurando um carro para trabalho e que possa passear com conforto?! Então se liga:
🚘Fiat Palio
Weekend Adventure 1.8 flex 
📆2010/2010
——————————
IPVA 2022 PAGO
——————————
Mais informações:
Direção Hidráulica
Câmbio automatizado 
Ar-condicionado
Vidro elétrico
Airbag
Freios ABS
Banco e volante com ajuste de altura
Engate
Setas nos retrovisores
Rack de teto 
Câmera de ré
Rodas de liga leve
Faróis de neblina

🚘Pegamos seu usado na troca
💳Parcelamos no cartão até 18x
🏦Financiamos em até 60x

>>>>>CLIQUE AQUI E CHAMA NO WHATSAPP:   
https://api.whatsapp.com/send/?phone=551231523625&text…

📍 Av. Rua Castro Alves, 180, Lorena | SP 

#CristianoAutomóveis #seminovoscomgarantia #valedoparaiba #lorena #guaratingueta #carrosseminovos #carrosavenda #qualidadegarantida #lojafisica",0,"11/14/2022 08:11",N/A,https://www.facebook.com/cristianoautomoveisoficial/posts/pfbid02i4bsD4LN2vDJMHWnauMhpVUuKm4vVgLouMD9BJNh8sLktjSnRFUGTiMp3cqRbJzfl,0,Foto,,,,,Vitalício,0,779,0,0,1189,,,,,,,,,,,,,,,,,,,,,,,,,,,
509515564527646,437204840068250,"Cristiano Automóveis",,"📌Esse é pra você que procura um carro que entrega confiança mecânica, estabilidade, conforto, segurança, desempenho, design elegante e tecnologia.

🚘 HONDA CIVIC 
 2.0 16V FLEXONE EX 4P CVT
 📅 2019/2019
——————————
IPVA pago
—————————— 
 Mais infos:
51300 km
Travas elétricas
Alarme
Freio ABS
Rodas de liga leve
Desembaçador traseiro
Airbags de cortina, frontais e laterais 
Retrovisores elétricos
Encosto de cabeça traseiro
Volante com Regulagem de Altura
Controle de tração
Retrovisor fotocrômico
Ar condicionado digital
Faróis de neblina
Direção Elétrica
Comando de áudio e telefone no volante
Controle de estabilidade
Distribuição eletrônica de frenagem
Kit Multimídia
Paddle-shift 
Seta nos retrovisores 
ISOFIX 
Espelhamento da tela do celular 

🚘Pegamos seu usado na troca
💳Parcelamos no cartão até 18x
🏦Financiamos em até 60x

>>>>>CLIQUE AQUI E CHAMA NO WHATSAPP:   
https://api.whatsapp.com/send/?phone=551231523625&text…
📍 Av. Rua Castro Alves, 180, Lorena | SP 
#CristianoAutomóveis #seminovoscomgarantia #valedoparaiba #lorena #guaratingueta #carrosseminovos #carrosavenda #qualidadegarantida #lojafisica",0,"11/14/2022 11:11",N/A,https://www.facebook.com/cristianoautomoveisoficial/posts/pfbid024jwz5DNafCc5UNvkU5Yx4jaNPfe3SYxmfVd8PCEArU8M9hxNfZYtscmAzZAuwgLnl,0,Foto,,,,,Vitalício,0,676,0,0,950,,,,,,,,,,,,,,,,,,,,,,,,,,,
509535164525686,437204840068250,"Cristiano Automóveis",,"Feriado municipal, e a fábrica dos sonhos está como?🚀🚘💭🎯🤩

ALCANCE SEUS SONHOS! 
Agradecemos a preferência e faça como ele, corre pra cá!
Espero por você! 
Entre em contato com nossos consultores e aproveite!
>>>>>CLIQUE AQUI E CHAMA NO WHATSAPP:
https://api.whatsapp.com/send/?phone=551231523625&text...
📍 Av. Rua Castro Alves, 180, Lorena | SP
#CristianoAutomóveis #seminovoscomgarantia #valedoparaiba #lorena #guaratingueta #carrosseminovos #carrosavenda #qualidadegarantida #lojafisica",0,"11/14/2022 12:11",N/A,https://www.facebook.com/cristianoautomoveisoficial/posts/pfbid0ZVNNmXvebopUTaLgdYSxrrLjd33vvbDaU25u7cmNgNjTFNUrEMQJ6xHmkAWmvVwal,0,Foto,,,,,Vitalício,0,24,0,0,38,,,,,,,,,,,,,,,,,,,,,,,,,,,
509535631192306,437204840068250,"Cristiano Automóveis",,"ALCANCE SEUS SONHOS! 
Agradecemos a preferência e faça como ele, corre pra cá!
Espero por você! 
Entre em contato com nossos consultores e aproveite!
>>>>>CLIQUE AQUI E CHAMA NO WHATSAPP:
https://api.whatsapp.com/send/?phone=551231523625&text...
📍 Av. Rua Castro Alves, 180, Lorena | SP
#CristianoAutomóveis #seminovoscomgarantia #valedoparaiba #lorena #guaratingueta #carrosseminovos #carrosavenda #qualidadegarantida #lojafisica",0,"11/14/2022 12:11",N/A,https://www.facebook.com/cristianoautomoveisoficial/posts/pfbid02eYvcH5kgdGnqZa5UMEDvZXce9j9yxTu7PYHyBS2e3nJpcPxV3ULW5EUypJHEd5UHl,0,Foto,,,,,Vitalício,0,17,0,0,18,,,,,,,,,,,,,,,,,,,,,,,,,,,
509535954525607,437204840068250,"Cristiano Automóveis",,"ALCANCE SEUS SONHOS! 
Agradecemos a preferência e faça como ele, corre pra cá!
Espero por você! 
Entre em contato com nossos consultores e aproveite!
>>>>>CLIQUE AQUI E CHAMA NO WHATSAPP:
https://api.whatsapp.com/send/?phone=551231523625&text...
📍 Av. Rua Castro Alves, 180, Lorena | SP
#CristianoAutomóveis #seminovoscomgarantia #valedoparaiba #lorena #guaratingueta #carrosseminovos #carrosavenda #qualidadegarantida #lojafisica",0,"11/14/2022 12:11",N/A,https://www.facebook.com/cristianoautomoveisoficial/posts/pfbid02M341RsD6vxCfc8G4aRuTYpxAFYiVw42irN2vea2brkRGrXXmRBtTjGsvk6p6bBxjl,0,Foto,,,,,Vitalício,0,20,0,0,22,,,,,,,,,,,,,,,,,,,,,,,,,,,
509537494525453,437204840068250,"Cristiano Automóveis",,"ALCANCE SEUS SONHOS! 
Agradecemos a preferência e faça como ele, corre pra cá!
Espero por você! 
Entre em contato com nossos consultores e aproveite!
>>>>>CLIQUE AQUI E CHAMA NO WHATSAPP:
https://api.whatsapp.com/send/?phone=551231523625&text...
📍 Av. Rua Castro Alves, 180, Lorena | SP
#CristianoAutomóveis #seminovoscomgarantia #valedoparaiba #lorena #guaratingueta #carrosseminovos #carrosavenda #qualidadegarantida #lojafisica",0,"11/14/2022 12:11",N/A,https://www.facebook.com/cristianoautomoveisoficial/posts/pfbid0WWi2Z7gxr716ST2p1pk2JRxCsY7MGez8eRKKvRPsZPXnjbh3LEA1ncJzw3XG4UfMl,0,Foto,,,,,Vitalício,0,10,0,0,11,,,,,,,,,,,,,,,,,,,,,,,,,,,
509557257856810,437204840068250,"Cristiano Automóveis",,"📌Que graça tem morar em um apartamento sem sacada né, ou tomar um sorvete sem cobertura 😂😂
Está aí meus queridos, jetta tsi COM TETO SOLAR, e esse é aquele canhão 2.0 TSI com 200 🐎 

🚘 Volkswagen Jetta 
 Highline 2.0 TSI 200cv 
 📅 2011/2012
——————————
IPVA pago
—————————— 
 Mais infos:
Travas elétricas
Alarme
Freio ABS
Rodas de liga leve
Desembaçador traseiro
Airbags 
Retrovisores elétricos
Encosto de cabeça traseiro
Volante com Regulagem de Altura
Controle de tração
Ar condicionado dual zone
Faróis de neblina
Direção Elétrica
Comando de áudio e telefone no volante
Controle de estabilidade
Distribuição eletrônica de frenagem
Kit Multimídia
Paddle-shift 
Seta nos retrovisores 
GPS 
Teto solar 

🚘Pegamos seu usado na troca
💳Parcelamos no cartão até 18x
🏦Financiamos em até 60x

>>>>>CLIQUE AQUI E CHAMA NO WHATSAPP:   
https://api.whatsapp.com/send/?phone=551231523625&text…
📍 Av. Rua Castro Alves, 180, Lorena | SP 
#CristianoAutomóveis #seminovoscomgarantia #valedoparaiba #lorena #guaratingueta #carrosseminovos #carrosavenda #qualidadegarantida #lojafisica",0,"11/14/2022 13:11",N/A,https://www.facebook.com/cristianoautomoveisoficial/posts/pfbid02YAV2NQ43kpXfkYaApX7EeQpTER2jsBMsM4m9TgF5KZqPyVEYd7HsNC39Vy8CRSL6l,0,Foto,,,,,Vitalício,0,890,0,0,1374,,,,,,,,,,,,,,,,,,,,,,,,,,,
510084477804088,437204840068250,"Cristiano Automóveis",,"📌Aooow se liga no que chegou pra nós mexer, esse é o filé do boi, um SUV com motor de Camaro pra você viajar tranquilo com a família, já pode trazer sua tracker, seu t-Cross, Creta que nós vamos pegar na troca.
Está aí meus queridos, Equinox, com teto panorâmico, essa é a TOP DE LINHA🤩🚀

🚘 Chevrolet Equinox
 Premier 2.0 turbo AWD com 200🐎
 📅 2017/2018
——————————
IPVA pago
—————————— 
 Mais infos:

Câmbio automático de 9 marchas 
Freio ABS
Rodas de liga leve
Airbags frontais, laterais e de cortina
Retrovisores elétricos
Encosto de cabeça para todos ocupantes 
Cintos de 3 pontos para todos os ocupantes 
Ajuste de altura e profundidade do volante
Controle de tração
Ar condicionado dual zone
Faróis de neblina
Faróis com refletores duplos 
Direção Elétrica
Comando de áudio e telefone no volante
Controle de estabilidade
Distribuição eletrônica de frenagem
ISOFIX
Alerta de ponto cego
Assistente de permanência em faixa 
Frenagem automática de emergência 
AWD (tração integral)
Assistente de estacionamento semi automático 
Bancos em couro 
Ajuste elétrico dos bancos 
Rebatimento elétrico dos retrovisores 
Retrovisor interno fotocrômico
Retrovisor externo aquecido 
Memória de banco 
Chave presencial 
Freio de estacionamento elétrico 
Central de multimídia 
GPS 
Teto panorâmico 
Sistema de som da Bose
Cancelamento de ruídos 
Carregador de celular por indução 

🚘Pegamos seu usado na troca
💳Parcelamos no cartão até 18x
🏦Financiamos em até 60x

>>>>>CLIQUE AQUI E CHAMA NO WHATSAPP:   
https://api.whatsapp.com/send/?phone=551231523625&text…
📍 Av. Rua Castro Alves, 180, Lorena | SP 
#CristianoAutomóveis #seminovoscomgarantia #valedoparaiba #lorena #guaratingueta #carrosseminovos #carrosavenda #qualidadegarantida #lojafisica",0,"11/15/2022 06:11",N/A,https://www.facebook.com/cristianoautomoveisoficial/posts/pfbid0Mk7iqHtXRnbJqca45xDxu51wxhae27LR2PkYQD4k8PDqjgjgLgimx6ygqeacM9D3l,0,Foto,,,,,Vitalício,0,814,0,0,1175,,,,,,,,,,,,,,,,,,,,,,,,,,,
510237207788815,437204840068250,"Cristiano Automóveis",,"📌Esse é o famoso sorvete sem cobertura, mas não tem problema, o carro tem tudo aquilo que nós gostamos, km baixo, aquele monte de botão no volante, GPS pra você não se perder mais nas viagens 😂😂 faz o seguinte, mande já uma mensagem no chat, WhatsApp ou deixe seu comentário, agende sua visita com um de nossos consultores 🚀🏆

🚘HYUNDAI I30
1.8 MPI gasolina 
📆2014/2015
——————————
IPVA 2022 PAGO
——————————
Mais informações:

Direção Elétrica
Câmbio automático de 6 marchas
Ar-condicionado
Vidro elétrico
Faróis de neblina
Volante Multifuncional
Rádio original
Bancos em couro
Sensor de estacionamento
Setas nos retrovisores
Rodas de liga leve diamantadas
Multimídia
GPS
3 modos de condução 
Ajuste elétrico dos retrovisores 
Retrovisores rebatíveis eletricamente
Bancos e volante com ajuste de altura
Câmera de ré

🚘Pegamos seu usado na troca 
💳Parcelamos no cartão até 18x 
🏦Financiamos em até 60x 

>>>>>CLIQUE AQUI E CHAMA NO WHATSAPP:
https://api.whatsapp.com/send/?phone=551231523625&text...

📍Av. Rua Castro Alves, 180, Lorena | SP

#CristianoAutomóveis #seminovoscomgarantia #valedoparaiba #lorena #guaratingueta #carrosseminovos #carrosavenda #qualidadegarantida #lojafisica",0,"11/15/2022 11:11",N/A,https://www.facebook.com/cristianoautomoveisoficial/posts/pfbid024b6tdZbjd87WxyC37hPJCu5zb8mh9wB8ixwyouea2Mur7Na8yMZAH8vhzyKxD3j6l,0,Foto,,,,,Vitalício,0,588,0,0,911,,,,,,,,,,,,,,,,,,,,,,,,,,,
510238257788710,437204840068250,"Cristiano Automóveis",,"🚨- Não gosto de Hacth porque não tem porta malas🙄
Está aí meu querido, um hatch pra chamar a atenção por onde passar, com design esportivo, e dando aquele conforto diferenciado, aé, e com um porta malas maior do que Honda Civic 2010🚘🚀

Chaaama🤳📱

🚘CHEVROLET CRUZE
1.8 LT 16V FLEX 4P Automático
📆2015/2015
——————————
IPVA 2022 pago
——————————
Mais informações:
1.8
Flex
Câmbio automático
Ar-condicionado
Rádio
Vidros elétricos
Travas elétricas
Ajuste elétrico dos retrovisores 
Volante multifuncional
Multimídia
Bancos de couro
Rodas de liga leve
Faróis de neblina
Airbag
Freios ABS
Controle de tração e estabilidade
Bancos e volante com ajuste de altura

🚘Pegamos seu usado na troca 
💳Parcelamos no cartão até 18x 
🏦Financiamos em até 60x 

>>>>>CLIQUE AQUI E CHAMA NO WHATSAPP:
https://api.whatsapp.com/send/?phone=551231523625&text…

📍 Av. Rua Castro Alves, 180, Lorena | SP

#cruzelt #CristianoAutomóveis #lorena #guaratingueta #seminovoscomgarantia #melhornegocio #valedoparaiba #suv #carros #carroavenda #cruze #chevrolet",0,"11/15/2022 13:11",N/A,https://www.facebook.com/cristianoautomoveisoficial/posts/pfbid0g7Ti6KL1g67qzCz68MHMbodnAJ28KxUAq2LJ3jLLd7dZpMCbqdRtSra3NP6wWecnl,0,Foto,,,,,Vitalício,0,841,0,0,1354,,,,,,,,,,,,,,,,,,,,,,,,,,,
510869504392252,437204840068250,"Cristiano Automóveis",,"📌 Esse é pra ti chegar no meio da rapaziada e pagar de jogador caro, artista, empresário, esse é elite não tem erro, vai pagar de líder e chamar a atenção em qualquer lugar.

🚘 BMW 320i SPORT 
 2.0 TWIN POWER TURBO AUTOMÁTICA 
 📅 2019/2020
——————————
IPVA pago
 —————————— 
Mais informações:

Câmbio automático de 8 velocidades
Direção elétrica
Travas elétricas
Freio ABS
Airbag frontais, laterais e de cortina
Rodas de liga leve
Ar-condicionado digital de três zonas
Distribuição eletrônica de frenagem
Tração traseira
Câmera traseira
Sensor de estacionamento 360º
Sistema de estacionamento automático
Isofix
Volante multifuncional 
Paddle-shift 
Start- stop
Chave-presencial 
Retrovisor interno fotocrômico
Retrovisores rebatíveis eletricamente
Central de multimídia 
Bancos em couro
Ajuste elétrico dos bancos 
Bancos com memória
GPS
Informação de trânsito em tempo real
Alerta de ponto cego
Frenagem automática de emergência
Alerta de ponto cego
Alerta de mudança de faixa
Alerta de colisão frontal
Assistente de permanência em faixa

>>>>>CLIQUE AQUI E CHAMA NO WHATSAPP:
https://api.whatsapp.com/send/?phone=551231523625&text...
📍 Av. Rua Castro Alves, 180, Lorena | SP
#CristianoAutomóveis #seminovoscomgarantia #valedoparaiba #lorena #guaratingueta #carrosseminovos #carrosavenda #qualidadegarantida #lojafisica",0,"11/16/2022 06:11",N/A,https://www.facebook.com/cristianoautomoveisoficial/posts/pfbid02aQ1PozoreA5SbXGLn7Riuaa76PxsgCSe2P9pKf9Dnfjh4A8vcUZzFGbrDMMuSh6zl,0,Foto,,,,,Vitalício,0,1056,0,0,1546,,,,,,,,,,,,,,,,,,,,,,,,,,,
511024284376774,437204840068250,"Cristiano Automóveis",,"ALCANCE SEUS SONHOS! 
Agradecemos a preferência e faça como ele, corre pra cá!
Espero por você! 
Entre em contato com nossos consultores e aproveite!
>>>>>CLIQUE AQUI E CHAMA NO WHATSAPP:
https://api.whatsapp.com/send/?phone=551231523625&text...
📍 Av. Rua Castro Alves, 180, Lorena | SP
#CristianoAutomóveis #seminovoscomgarantia #valedoparaiba #lorena #guaratingueta #carrosseminovos #carrosavenda #qualidadegarantida #lojafisica",0,"11/16/2022 10:11",N/A,https://www.facebook.com/cristianoautomoveisoficial/posts/pfbid02Kjv64RxADET2fcUqsEtGUXq5uxRGURw1ExdzdPACdoCsaDKuyiX7ixN4P4H9Su6Ll,0,Foto,,,,,Vitalício,0,18,0,0,24,,,,,,,,,,,,,,,,,,,,,,,,,,,
511058187706717,437204840068250,"Cristiano Automóveis",,"🚨Saca só a novidade que chegou pra nós, esse é pra você que prefere aquele carro menor pro dia a dia, um carro pra você fazer um Uber, ou até mesmo você que precisa de um carro econômico pra sua empresa, novinho com baixo km. 

🚘 Ford Ka 
 SE 1.5 Flex câmbio manual 
 📅 2018/2019
——————————
IPVA pago
 —————————— 
Mais informações:

Direção elétrica
Vidros Elétricos
Ajuste Elétrico dos retrovisores
Volante multifuncional
Bancos e volante com ajuste de altura
Central de multimídia
Ar-condicionado
Faróis de neblina
Airbag
Freios ABS

>>>>>CLIQUE AQUI E CHAMA NO WHATSAPP:
https://api.whatsapp.com/send/?phone=551231523625&text...
📍 Av. Rua Castro Alves, 180, Lorena | SP
#CristianoAutomóveis #seminovoscomgarantia #valedoparaiba #lorena #guaratingueta #carrosseminovos #carrosavenda #qualidadegarantida #lojafisica",0,"11/16/2022 11:11",N/A,https://www.facebook.com/cristianoautomoveisoficial/posts/pfbid02D1VNXtmsHoBHCNDHEF6yuUm8exSXDqNgYE4wbFDcHPG4hg88YiACmdrWzVhwrwYul,0,Foto,,,,,Vitalício,0,579,0,0,836,,,,,,,,,,,,,,,,,,,,,,,,,,,
511113761034493,437204840068250,"Cristiano Automóveis",,"📌 Faaaala meu amigo dono de depósito, carpinteiro, mestre de obras, dono de chácara e por aí vai…. se liga na bruta que chegou pra nós, Strada Hard Working 

 Fiat Strada
 Hard Working 1.4 flex CS
 📅 2019/2020

——————————
IPVA pago
 —————————— 
Mais informações:

Vidros elétricos 
Direção hidráulica 
Faróis de neblina 
Computador de bordo
Ar-condicionado
Airbag 
Rádio 
Capacidade de carga 750 kg

🚘Pegamos seu usado na troca 
💳Parcelamos no cartão até 18x 
🏦Financiamos em até 60x 

>>>>>CLIQUE AQUI E CHAMA NO WHATSAPP:
https://api.whatsapp.com/send/?phone=551231523625&text...

📍Av. Rua Castro Alves, 180, Lorena | SP

#CristianoAutomóveis #seminovoscomgarantia #valedoparaiba #lorena #guaratingueta #carrosseminovos #carrosavenda #qualidadegarantida #lojafisica",0,"11/16/2022 13:11",N/A,https://www.facebook.com/cristianoautomoveisoficial/posts/pfbid02q7p61gxzUQtZMako6pZ5AgtzvevHAKDqoExiwyQNDA2PKQugnNBaYSy4zyAGUsXgl,0,Foto,,,,,Vitalício,0,490,0,0,712,,,,,,,,,,,,,,,,,,,,,,,,,,,
511742270971642,437204840068250,"Cristiano Automóveis",,"📌Agora que o ⛽ abaixou, você já pode sonhar novamente com o seu primeiro ou segundo carro. Excelente opção pro dia a dia, mecânica simples, econômico e dá uma conferida 👇🏽

🚘 Volkswagen Gol 
1.6 Flex 4P 
📅 2006/2007
——————————
IPVA 2022 PAGO
——————————
Mais informações:
Direção hidraulica
Câmbio Manual
Ar-condicionado
Rádio
4 portas
Vidros elétricos
Desembaçador traseiro

🚘Pegamos seu usado na troca 
💳Parcelamos no cartão até 18x 
🏦Financiamos em até 60x 
>>>>>CLIQUE AQUI E CHAMA NO WHATSAPP:
https://api.whatsapp.com/send/?phone=551231523625&text…
📍 Av. Rua Castro Alves, 180, Lorena | SP
#CristianoAutomóveis #seminovoscomgarantia #valedoparaiba #lorena #guaratingueta #carrosseminovos #carrosavenda #qualidadegarantida #lojafisica",0,"11/17/2022 06:11",N/A,https://www.facebook.com/cristianoautomoveisoficial/posts/pfbid0LkZafFWCLhFYqKAwSB4RhToanh6kpe3xq4jWnWiwfN2qCjjX176gqDcQ9bEohV6Vl,0,Foto,,,,,Vitalício,0,1207,0,0,2152,,,,,,,,,,,,,,,,,,,,,,,,,,,
511978264281376,437204840068250,"Cristiano Automóveis",,"ALCANCE SEUS SONHOS! 
Agradecemos a preferência e faça como ele, corre pra cá!
Espero por você! 
Entre em contato com nossos consultores e aproveite!
>>>>>CLIQUE AQUI E CHAMA NO WHATSAPP:
https://api.whatsapp.com/send/?phone=551231523625&text...
📍 Av. Rua Castro Alves, 180, Lorena | SP
#CristianoAutomóveis #seminovoscomgarantia #valedoparaiba #lorena #guaratingueta #carrosseminovos #carrosavenda #qualidadegarantida #lojafisica",0,"11/17/2022 13:11",N/A,https://www.facebook.com/cristianoautomoveisoficial/posts/pfbid0Bx1HV1kv3tF6UC5C4Gng39FoAzdoZnq1BHWRLahF4muTtU5eguvdJWfzFWqi5zAgl,0,Foto,,,,,Vitalício,0,8,0,0,8,,,,,,,,,,,,,,,,,,,,,,,,,,,
511986934280509,437204840068250,"Cristiano Automóveis",,"📌 Excelente oportunidade pra você que procura o 1º ou até mesmo 2º ou 3º carro, que gosta daquele carro compacto, pra estacionar onde quiser, e além do mais, completinho, dá uma conferida.

🚘 Fiat Uno
Sporting 1.4 Flex 4P 
📅 20012/2013
——————————
IPVA 2022 PAGO
——————————
Mais informações:
Direção hidráulica
Câmbio Manual
Ar-condicionado
Rádio
4 portas
Faróis de neblina
Rodas de liga leve
Vidros elétricos
Desembaçador traseiro

🚘Pegamos seu usado na troca 
💳Parcelamos no cartão até 18x 
🏦Financiamos em até 60x 
>>>>>CLIQUE AQUI E CHAMA NO WHATSAPP:
https://api.whatsapp.com/send/?phone=551231523625&text…
📍 Av. Rua Castro Alves, 180, Lorena | SP
#CristianoAutomóveis #seminovoscomgarantia #valedoparaiba #lorena #guaratingueta #carrosseminovos #carrosavenda #qualidadegarantida #lojafisica",0,"11/17/2022 13:11",N/A,https://www.facebook.com/cristianoautomoveisoficial/posts/pfbid0LqUfkqkFoAfneyEA2EZcUXnvhvyQU4PYAVA4UYYFFbPuC4CLpx3ULQX6DFbrEGvvl,0,Foto,,,,,Vitalício,0,675,0,0,1047,,,,,,,,,,,,,,,,,,,,,,,,,,,
512543584224844,437204840068250,"Cristiano Automóveis",,"📌Fala meus queridos, chega de andar de 160cc ou 250cc vem andar nessa máquina, toda carenada, que vai te dar um pouco mais de esportividade, e também é boa pra rotina urbana. 

🚘 Yamaha R3
 📅 2019/2020
——————————
IPVA pago
—————————— 
 Mais infos:
Com apenas 6.000 km
Freios a disco hidráulicos com ABS
Rodas de liga leve
Tanque de combustível de 14L (3L reserva)
320 CC
Câmbio de 6 velocidades
Painel 100% digital com shift light
Escapamento esportivo

🚘Pegamos seu usado na troca
💳Parcelamos no cartão até 18x
🏦Financiamos em até 60x
>>>>>CLIQUE AQUI E CHAMA NO WHATSAPP:   
https://api.whatsapp.com/send/?phone=551231523625&text…
📍 Av. Rua Castro Alves, 180, Lorena | SP 
#CristianoAutomóveis #seminovoscomgarantia #valedoparaiba #lorena #guaratingueta #carrosseminovos #carrosavenda #qualidadegarantida #lojafisica",0,"11/18/2022 06:11",N/A,https://www.facebook.com/cristianoautomoveisoficial/posts/pfbid02uQNfqj6wbwtus7QFoUvWPW4vsSFdsDR2HDp9tnfDWdtX3STb4wAmNSf2EgeMecgel,0,Foto,,,,,Vitalício,0,841,0,0,1238,,,,,,,,,,,,,,,,,,,,,,,,,,,
512700944209108,437204840068250,"Cristiano Automóveis",,"📌Já pensou, final de ano e você andando de 1200cc 🤩 se liga na máquina, essa é pra você pagar de líder, você que é motoqueiro apaixonado, adora uma adrenalina, chaaama, vamos pegar sua Hornet na troca🫣🤣

🚘 BMW R 1200
R 1200 GS
 📅 2010/2011
——————————
IPVA pago
—————————— 
 Mais infos:
Injeção eletrônica
Partida elétrica
Câmbio: 6 marchas, transmissão final por cardã 
0 a 100 em 4,3 segundos
0 a 200km/h em 20,1 segundos 
Freio a disco duplo ABS
Rodas de liga leve

🚘Pegamos seu usado na troca
💳Parcelamos no cartão até 18x
🏦Financiamos em até 60x

>>>>>CLIQUE AQUI E CHAMA NO WHATSAPP:   
https://api.whatsapp.com/send/?phone=551231523625&text…
📍 Av. Rua Castro Alves, 180, Lorena | SP 
#CristianoAutomóveis #seminovoscomgarantia #valedoparaiba #lorena #guaratingueta #carrosseminovos #carrosavenda #qualidadegarantida #lojafisica",0,"11/18/2022 11:11",N/A,https://www.facebook.com/cristianoautomoveisoficial/posts/pfbid0vfSJQXvL7ZuKvsThiEivLxG6vLjhW1gQnh1JMv5bH8ojQSkJo2Voi7niuf7GjUh3l,0,Foto,,,,,Vitalício,0,621,0,0,813,,,,,,,,,,,,,,,,,,,,,,,,,,,
512705587541977,437204840068250,"Cristiano Automóveis",,"🚨 Aoow meu alecrim dourado, da uma conferida no filé que tem aqui pra nós mexer, larga a mão dessa sua courier aí rapaz😂 esse é pra você trabalhar dia de semana, e final de semana ainda vai pagar de descolado😎 chaaama🚀

🚘 Volkswagen Saveiro
1.6 Cross Cabine Dupla Flex
📅 2017/2018
——————————
IPVA pago
——————————
Mais informações:
Direção Hidráulica
Câmbio Manual 
Airbag
Freios ABS
Alarme
Cinto de três pontos
Câmera de ré
Ar-condicionado
Vidros elétricos
Banco e volante com ajuste de altura
Bancos em Couro
Volante multifuncional
Multimídia original
Seta nos retrovisores
Retrovisores elétricos
Faróis de neblina
Rodas de liga leve aro 15
Desembaçador de vidro traseiro

🚘Pegamos seu veículo na troca
💳Parcelamos sua entrada em até 18x no cartão
🏦Financiamento em até 60x

>>>>>CLIQUE AQUI E CHAMA NO WHATSAPP:
https://api.whatsapp.com/send/?phone=551231523625&text…

📍 Av. Rua Castro Alves, 180, Lorena | SP

#CristianoAutomóveis #seminovoscomgarantia #valedoparaiba #lorena #guaratingueta #carrosseminovos #carrosavenda #qualidadegarantida #lojafisica",0,"11/18/2022 13:11",N/A,https://www.facebook.com/cristianoautomoveisoficial/posts/pfbid02xkfAR38uLPdEXZCA2yguYYgMtTFWaogtqHvw5SPYBcjFboXtgipPxRP5AuLixBoHl,0,Foto,,,,,Vitalício,0,817,0,0,1226,,,,,,,,,,,,,,,,,,,,,,,,,,,
513297837482752,437204840068250,"Cristiano Automóveis",,"ALCANCE SEUS SONHOS! 
Agradecemos a preferência e faça como ele, corre pra cá!
Espero por você! 
Entre em contato com nossos consultores e aproveite!
>>>>>CLIQUE AQUI E CHAMA NO WHATSAPP:
https://api.whatsapp.com/send/?phone=551231523625&text...
📍 Av. Rua Castro Alves, 180, Lorena | SP
#CristianoAutomóveis #seminovoscomgarantia #valedoparaiba #lorena #guaratingueta #carrosseminovos #carrosavenda #qualidadegarantida #lojafisica",0,"11/19/2022 05:11",N/A,https://www.facebook.com/cristianoautomoveisoficial/posts/pfbid031N8hoNbQpjD6TYj5aU7bHRZXpnydLZ82UPgykk9qBWuQB36hs6Bw5m7NzYusTUFZl,0,Foto,,,,,Vitalício,0,16,0,0,19,,,,,,,,,,,,,,,,,,,,,,,,,,,
513317784147424,437204840068250,"Cristiano Automóveis",,"🚨Aow meu alecrim dourado, esse é pra você que passou na federal e vai morar longe dos pais, vai ter uma vida independente e precisa de um carro econômico.
Da uma conferida:

🚘 Renault Kwid
Zen 1.0 Flex
📅 2021/2022
——————————
IPVA pago
——————————
Mais informações:

Direção elétrica
Câmbio Manual 
Airbag
Freios a disco ventilado
Alarme
Ar-condicionado
Vidros elétricos
Travas elétricas
Rádio

🚘Pegamos seu veículo na troca
💳Parcelamos sua entrada em até 18x no cartão
🏦Financiamento em até 60x
>>>>>CLIQUE AQUI E CHAMA NO WHATSAPP:
https://api.whatsapp.com/send/?phone=551231523625&text…
📍 Av. Rua Castro Alves, 180, Lorena | SP
#CristianoAutomóveis #seminovoscomgarantia #valedoparaiba #lorena #guaratingueta #carrosseminovos #carrosavenda #qualidadegarantida #lojafisica",0,"11/19/2022 06:11",N/A,https://www.facebook.com/cristianoautomoveisoficial/posts/pfbid02gMf6PSYYvyojW4DUmnoCbb467RyBXtrVwQ8xTfjpTaNinAX2wbdBniQHQR6K8qT2l,0,Foto,,,,,Vitalício,0,362,0,0,496,,,,,,,,,,,,,,,,,,,,,,,,,,,
513615960784273,437204840068250,"Cristiano Automóveis",,"🚨Todo dia é dia de carro novo!
✅ Vem pra cá! Aqui você sai de carro novo! 
Cristiano Automoveis, a maior e melhor loja da região! 

🚘Pegamos seu veículo na troca
💳Parcelamos sua entrada em até 18x no cartão
🏦Financiamento em até 60x
>>>>>CLIQUE AQUI E CHAMA NO WHATSAPP:
https://api.whatsapp.com/send/?phone=551231523625&text…
📍 Av. Rua Castro Alves, 180, Lorena | SP
#CristianoAutomóveis #seminovoscomgarantia #valedoparaiba #lorena #guaratingueta #carrosseminovos #carrosavenda #qualidadegarantida #lojafisica",53,"11/19/2022 15:11",N/A,https://www.facebook.com/cristianoautomoveisoficial/posts/pfbid0FnuMnfAvrRW7wLRpN43ihDZnDui6MDLtEHudJQC2DHz3rY2GCzYpjMLKZVrLETfCl,0,Vídeo,,,,,Vitalício,204,29,0,0,34,204,,,,62,142,7,10,33,53,73,28,0,5,2,9,1,27,6,35,18,46,27,20,8,0,0
514680007344535,437204840068250,"Cristiano Automóveis",,"Sobre o nosso sábado 🚀🎯

ALCANCE SEUS SONHOS! 
Agradecemos a preferência e faça como ele, corre pra cá!
Espero por você! 
Entre em contato com nossos consultores e aproveite!
>>>>>CLIQUE AQUI E CHAMA NO WHATSAPP:
https://api.whatsapp.com/send/?phone=551231523625&text...
📍 Av. Rua Castro Alves, 180, Lorena | SP
#CristianoAutomóveis #seminovoscomgarantia #valedoparaiba #lorena #guaratingueta #carrosseminovos #carrosavenda #qualidadegarantida #lojafisica",0,"11/21/2022 04:11",N/A,https://www.facebook.com/cristianoautomoveisoficial/posts/pfbid0aBfh2KRVAjUVckFQhJS5HqhBtSr7D1GV1DuS6rf8WzuNBjQNPkj6BQFyyTLsKukbl,0,Foto,,,,,Vitalício,0,7,0,0,9,,,,,,,,,,,,,,,,,,,,,,,,,,,
514915103987692,437204840068250,"Cristiano Automóveis",,"📌 É você que está procurando um SUV pra dar mais conforto pra família?
Vem dar uma conferida nessa linda máquina.

🚘 Honda HR-V  
 1.8 EXL Automática 
 📅 2019/2020
——————————
IPVA pago
 —————————— 
 Mais infos:
Ar-condicionado digital
Ar-condicionado dual zone 
Direção elétrica
Volante com regulagem de altura
Volante multifuncional
Paddle-Shift
Freio de estacionamento eletrônico
Seta no retrovisor
Rodas de liga leve  
Faróis de neblina
Multimídia
GPS
Câmera de ré
Sensor de estacionamento
Bancos em couro

🚘Pegamos seu usado na troca 
💳Parcelamos no cartão até 18x 
🏦Financiamos em até 60x 

>>>>>CLIQUE AQUI E CHAMA NO WHATSAPP:
https://api.whatsapp.com/send/?phone=551231523625&text…
📍 Av. Rua Castro Alves, 180, Lorena | SP
#CristianoAutomóveis #seminovoscomgarantia #valedoparaiba #lorena #guaratingueta #carrosseminovos #carrosavenda #qualidadegarantida #lojafisica",0,"11/21/2022 11:11",N/A,https://www.facebook.com/cristianoautomoveisoficial/posts/pfbid02XHbLrRdGp7agK9a9PhKogSPKxdVTK2KnN1i6ZSgj5xWiRDUN34D4vGrAtbXR5twSl,0,Foto,,,,,Vitalício,0,753,0,0,1064,,,,,,,,,,,,,,,,,,,,,,,,,,,
514969653982237,437204840068250,"Cristiano Automóveis",,"📌Ei você que busca um carro com um design diferente, elegante, ou tecnológico e ao mesmo tempo esportivo, já imaginou tudo isso e muito mais em um só carro?
Pois é, temos aqui pra você o clássico Golf, que nunca sai de moda.

🚘 Volkswagen Golf
1.4 TSI Highline Gasolina
📅 2014/2014
——————————
IPVA pago
——————————
Mais informações:
Direção elétrica
Câmbio automático
Ar-condicionado dual zone
Vidros elétricos
Alarme
Ar quente
Volante Multifuncional
Multimídia
Banco e volante com ajuste de altura
Airbags frontais e de cortina
Freio ABS
Isofix
Sensor de estacionamento
Rodas de liga leve
Faróis de neblina
Seta no retrovisor
Paddle-Shift

🚘Pegamos seu usado
🏦Financiamos em até 60x
💳Parcelamos no cartão de crédito até 18x

>>>>>CLIQUE AQUI E CHAMA NO WHATSAPP:
https://api.whatsapp.com/send/?phone=551231523625&text...
📍 Av. Rua Castro Alves, 180, Lorena | SP
#CristianoAutomóveis #seminovoscomgarantia #valedoparaiba #lorena #guaratingueta #carrosseminovos #carrosavenda #qualidadegarantida #lojafisica",0,"11/21/2022 13:11",N/A,https://www.facebook.com/cristianoautomoveisoficial/posts/pfbid02TrwS6Y88GbrLp1ZyyiqS1F85rn2WHqwnBWymnTr26A1PScdY7K5Y7dzu7swedh7Dl,0,Foto,,,,,Vitalício,0,509,0,0,726,,,,,,,,,,,,,,,,,,,,,,,,,,,
515468103932392,437204840068250,"Cristiano Automóveis",,"📞Alô meu amigo do agro, tu que é fazendeiro, tranquilo quase aposentado, mas é raiz, gosta de cambiar, se liga nessa fera🤩

⚠️Maaas, se você não for esse cara acima, indica ele pra nós, fechando negócio você ainda ganha 💵1.000,00🤪🤩

🚘 Volkswagen Amarok
CD Turbo Diesel 4x4 
📅 2015/2015
🎛️ 141 km
Câmbio manual 
——————————
IPVA pago
——————————

Mais informações:
Direção hidráulica
Ar-condicionado
Rodas de liga leve
Capota Marítima
Controle de tração e estabilidade
Multimídia
Airbag
Bancos com ajuste de altura
Volante com ajuste de altura
Computador de bordo
Conexão USB
Freios ABS

🚘Pegamos seu usado na troca 
💳Parcelamos no cartão até 18x 
🏦Financiamos em até 60x 

>>>>>CLIQUE AQUI E CHAMA NO WHATSAPP:
https://api.whatsapp.com/send/?phone=551231523625&text…

📍 Av. Rua Castro Alves, 180, Lorena | SP

#cruzelt #CristianoAutomóveis #lorena #guaratingueta #seminovoscomgarantia #melhornegocio #valedoparaiba #suv #carros #carroavenda #cruze #chevrolet",0,"11/22/2022 06:11",N/A,https://www.facebook.com/cristianoautomoveisoficial/posts/pfbid0QmckzykMKPDcfTCAwABY2Cc6rdDaE4tqhNu1NNAQ93s216zXTZUehzDNyWfyaH9cl,0,Foto,,,,,Vitalício,0,455,0,0,651,,,,,,,,,,,,,,,,,,,,,,,,,,,
515610550584814,437204840068250,"Cristiano Automóveis",,"Hoje foi o dia de realizar o sonho do nosso grande amigo Alfredo de Delfim Moreira-MG

ALCANCE SEUS SONHOS! 
Agradecemos a preferência e faça como ele, corre pra cá!
Espero por você! 
Entre em contato com nossos consultores e aproveite!
>>>>>CLIQUE AQUI E CHAMA NO WHATSAPP:
https://api.whatsapp.com/send/?phone=551231523625&text...
📍 Av. Rua Castro Alves, 180, Lorena | SP
#CristianoAutomóveis #seminovoscomgarantia #valedoparaiba #lorena #guaratingueta #carrosseminovos #carrosavenda #qualidadegarantida #lojafisica",0,"11/22/2022 10:11",N/A,https://www.facebook.com/cristianoautomoveisoficial/posts/pfbid02UKoeGPngehDDgKbtdeVir5ADYCjT2N552AjyuTkULJ3nDbswXoWvcvUi3MZpfSrJl,0,Foto,,,,,Vitalício,0,13,0,0,13,,,,,,,,,,,,,,,,,,,,,,,,,,,
515642233914979,437204840068250,"Cristiano Automóveis",,"Aoow, acaba não mundão véi sem porteira, essa é pra você meu amigo bruto, rústico e sistemático, você que é raiz e gosta de cambiar, da uma conferida, essa é especial🚜😎

🤷🏽‍♂️Maas se você não for esse cara, indica aquele seu amigo, ele fechando negócio conosco, você ainda ganha 💵🤩R$ 1.000,00

🚘 Toyota Hilux
3.0 STD 4×4 
Turbo Diesel
Câmbio manual 
📅 2014/2015
🎛 90.000 km🤩
——————————
IPVA pago
——————————
Mais infos:
Direção Hidráulica
Ar condicionado
Vidro elétrico
Multimídia
Freios ABS
Banco em couro
Airbag
Ajuste elétrico do banco
Volante multifuncional
Rodas de liga leve
Faróis de neblina
Santo Antônio 
Estribo

🚘Pegamos seu usado na troca 
💳Parcelamos no cartão até 18x 
🏦Financiamos em até 60x 

>>>>>CLIQUE AQUI E CHAMA NO WHATSAPP:
https://api.whatsapp.com/send/?phone=551231523625&text…

📍 Av. Rua Castro Alves, 180, Lorena | SP

#CristianoAutomóveis #seminovoscomgarantia #valedoparaiba #lorena #guaratingueta #carrosseminovos #carrosavenda #qualidadegarantida #lojafisica",0,"11/22/2022 12:11",N/A,https://www.facebook.com/cristianoautomoveisoficial/posts/pfbid0gHQ7vm1WA7Co39v5wMo3Z2q8AuCu4bMgjHNmpgX1bWkTeHxCbBgwehsuJBDvBRKxl,0,Foto,,,,,Vitalício,0,608,0,0,914,,,,,,,,,,,,,,,,,,,,,,,,,,,
515664927246043,437204840068250,"Cristiano Automóveis",,"Essa é pra você meu amigão, ficou acostumado a andar no óleo, no 4x4 bruto mas a família cresceu, temos aqui uma ótima oportunidade com 7 lugares, e você ainda vai tirar onda com os donos de toro e renegade🙊😂😂 chaaama que dá negócio 

E se você ainda não precisa de um carro desse, indica teu amigo, ele fechando negócio conosco, você ganha R$ 1.000🤩💵

🚘Mitsubishi Pajero Dakar
3.2 Turbo Intercooler Diesel 4x4
Câmbio Automático
📅 2009/2010
7 Lugares
——————————
IPVA pago
——————————
Mais infos:
Ar condicionado
Direção hidráulica
Travas elétricas
Vidros elétricos
Freio ABS
Air bag do motorista
Rodas de liga leve
Bancos em couro
Desembaçador traseiro
Air bag duplo
Ar quente
Limpador traseiro
Retrovisores elétricos
Encosto de cabeça traseiro
Controle automático de velocidade
Faróis de neblina
Comando de áudio e telefone no volante
Distribuição eletrônica de frenagem
MP3 Player

🚘Pegamos seu usado na troca 
💳Parcelamos no cartão até 18x 
🏦Financiamos em até 60x 

>>>>>CLIQUE AQUI E CHAMA NO WHATSAPP:
https://api.whatsapp.com/send/?phone=551231523625&text…

📍 Av. Rua Castro Alves, 180, Lorena | SP

#CristianoAutomóveis #seminovoscomgarantia #valedoparaiba #lorena #guaratingueta #carrosseminovos #carrosavenda #qualidadegarantida #lojafisica",0,"11/22/2022 13:11",N/A,https://www.facebook.com/cristianoautomoveisoficial/posts/pfbid02arywN4EBx1RAb5LTusE8EDHJgnW12nL3Zig5qd4X52ofsrrVwwNCmDHPgWMXpziql,0,Foto,,,,,Vitalício,0,678,0,0,1039,,,,,,,,,,,,,,,,,,,,,,,,,,,
516174113861791,437204840068250,"Cristiano Automóveis",,"Fala meu tesouro, esse é pra você que está buscando sua independência ou recém-casado, um belo carro, econômico popular do jeito que tu gosta, mecânica simples e barata.

E se você ainda não precisa de um carro desse, indica teu amigo, ele fechando negócio conosco, você ganha R$ 1.000🤩💵

🚘 Fiat Palio
1.0 Fire way flex
câmbio manual 
📅 2014/2015
🎛️ 123.000 km
——————————
IPVA pago
——————————
Mais infos:
Ar-condicionado
Vidros elétricos
Freio ABS
Airbag 
Desembaçador traseiro
Limpador traseiro
Rádio
Computador de bordo

⚠️ Entrada + parcelas de 929,00
🚘Pegamos seu usado na troca 
💳Parcelamos no cartão até 18x 
🏦Financiamos em até 60x 
——————————
*** Os valores e condições comerciais estão sujeitos a alteração sem aviso prévio, nos resguardamos a possíveis erros de digitação**

>>>>>CLIQUE AQUI E CHAMA NO WHATSAPP:
https://api.whatsapp.com/send/?phone=551231523625&text…
📍 Av. Rua Castro Alves, 180, Lorena | SP
#CristianoAutomóveis #seminovoscomgarantia #valedoparaiba #lorena #guaratingueta #carrosseminovos #carrosavenda #qualidadegarantida #lojafisica",0,"11/23/2022 06:11",N/A,https://www.facebook.com/cristianoautomoveisoficial/posts/pfbid02Ci8EffmhgNez5geFbyqLJKtL4qxJBtGrSkCfVsrr3YwtHmtc5Pun6ApWdP6dYtS3l,0,Foto,,,,,Vitalício,0,869,0,0,1347,,,,,,,,,,,,,,,,,,,,,,,,,,,
516344317178104,437204840068250,"Cristiano Automóveis",,"🚨 Fala meu calouro, se liga na novidade que chegou aqui, só aguardando você pra colocar seu som e dar aquele rolê😎

E se você ainda não precisa de um carro desse, indica teu amigo, ele fechando negócio conosco, você ganha R$ 1.000🤩💵

🚘 Fiat Punto
1.4 Attractive Flex
Câmbio manual 
📅 2010/2011
🎛️ 181.000 km
——————————
IPVA pago
——————————
Mais infos:
Ar-condicionado
Direção hidráulica 
Ajuste de altura dos bancos e volante
Vidros elétricos
Freio ABS
Airbag 
Alarme
Desembaçador traseiro
Limpador traseiro
Rádio
Computador de bordo
Ajuste elétrico dos retrovisores
Faróis de neblina

⚠️ Entrada + parcelas de 899,00
🚘Pegamos seu usado na troca 
💳Parcelamos no cartão até 18x 
🏦Financiamos em até 60x 
——————————
*** Os valores e condições comerciais estão sujeitos a alteração sem aviso prévio, nos resguardamos a possíveis erros de digitação**

>>>>>CLIQUE AQUI E CHAMA NO WHATSAPP:
https://api.whatsapp.com/send/?phone=551231523625&text…
📍 Av. Rua Castro Alves, 180, Lorena | SP
#CristianoAutomóveis #seminovoscomgarantia #valedoparaiba #lorena #guaratingueta #carrosseminovos #carrosavenda #qualidadegarantida #lojafisica",0,"11/23/2022 11:11",N/A,https://www.facebook.com/cristianoautomoveisoficial/posts/pfbid0teh4Bt7FgrDRTc3zrHVvD1pFoQ3qf9Jmo7SFjEhpbp7DCqytKnY8Y9GG26z31f9Wl,0,Foto,,,,,Vitalício,0,801,0,0,1077,,,,,,,,,,,,,,,,,,,,,,,,,,,
516385830507286,437204840068250,"Cristiano Automóveis",,"ALCANCE SEUS SONHOS! 
Agradecemos a preferência e faça como ele, corre pra cá!
Espero por você! 
Entre em contato com nossos consultores e aproveite!
>>>>>CLIQUE AQUI E CHAMA NO WHATSAPP:
https://api.whatsapp.com/send/?phone=551231523625&text...
📍 Av. Rua Castro Alves, 180, Lorena | SP
#CristianoAutomóveis #seminovoscomgarantia #valedoparaiba #lorena #guaratingueta #carrosseminovos #carrosavenda #qualidadegarantida #lojafisica",0,"11/23/2022 12:11",N/A,https://www.facebook.com/cristianoautomoveisoficial/posts/pfbid02YFj7cbZRzqHzTSLWUW8X24iCZDWirm15LKVkYSgFFvyZQ4NLUJZVYSWG143haWjbl,0,Foto,,,,,Vitalício,0,6,0,0,7,,,,,,,,,,,,,,,,,,,,,,,,,,,
516388490507020,437204840068250,"Cristiano Automóveis",,"🚨 Fala meu crossfiteiro, se liga no filé 🥩 do boi, esse é pra você chegar chegando na academia com presença 😎🤩

Mas, se você não se interessou, indica teu amigo, ele fechando negócio conosco, você ganha R$ 1.000🤩💵

🚘 Volkswagen Voyage
1.0 Flex
Câmbio manual 
📅 2013/2014
🎛️ 128.000 km
——————————
IPVA pago
——————————
Mais infos:
Ar-condicionado
Direção hidráulica 
Ajuste de altura dos bancos
Vidros elétricos
Freio ABS
Airbag 
Alarme
Desembaçador traseiro
Rádio original 
Computador de bordo
Ajuste elétrico dos retrovisores
Faróis de neblina
Volante multifuncional 

⚠️ Entrada + parcelas de 1.080,00
🚘Pegamos seu usado na troca 
💳Parcelamos no cartão até 18x 
🏦Financiamos em até 60x 
——————————
*** Os valores e condições comerciais estão sujeitos a alteração sem aviso prévio, nos resguardamos a possíveis erros de digitação**

>>>>>CLIQUE AQUI E CHAMA NO WHATSAPP:
https://api.whatsapp.com/send/?phone=551231523625&text…
📍 Av. Rua Castro Alves, 180, Lorena | SP
#CristianoAutomóveis #seminovoscomgarantia #valedoparaiba #lorena #guaratingueta #carrosseminovos #carrosavenda #qualidadegarantida #lojafisica",0,"11/23/2022 13:11",N/A,https://www.facebook.com/cristianoautomoveisoficial/posts/pfbid024VrrFqNZ4Q9FKrCgiRkijPgP9M9bcJs7PBn7Pv5U4Yz2hEbDB58iHhe2AMgG6GVpl,0,Foto,,,,,Vitalício,0,580,0,0,869,,,,,,,,,,,,,,,,,,,,,,,,,,,
517009297111606,437204840068250,"Cristiano Automóveis",,"📌 Lembra do SUV automático que você estava pesquisando esses dias?
Esse é pra é pra ti, dar aquele conforto pra família e fazer aquelas viagens longas no conforto.

Mas, se você não se interessou, indica teu amigo, ele fechando negócio conosco, você ganha R$ 1.000🤩💵

🚘Ford EcoSport
XLT 2.0 Flex Automática
📆2011/2012
🎛️99.000 km
_________________________________
IPVA 2022 PAGO
_________________________________
Direção Hidráulica
Ar-Condicionado
Trava Elétrica
Vidros Elétricos
Volante com regulagem de altura
Banco e volante com ajuste de altura
Freios ABS
Faróis de neblina
Alarme
Rádio original
Bluetooh
Comando de rádio no volante
Desembaçador e limpador traseiro
Roda de liga leve

⚠️Entrada + parcelas de 1.190

🚘Pegamos seu veículo na troca
💳Parcelamos sua entrada em até 18x no cartão
🏦Financiamento em até 60x

*** Os valores e condições comerciais estão sujeitos a alteração sem aviso prévio, nos resguardamos a possíveis erros de digitação**

>>>>>CLIQUE AQUI E CHAMA NO WHATSAPP: 
https://api.whatsapp.com/send/?phone=551231523625&text…
📍 Av. Rua Castro Alves, 180, Lorena | SP 
#CristianoAutomóveis #seminovoscomgarantia #valedoparaiba #lorena #guaratingueta #carrosseminovos #carrosavenda #qualidadegarantida #lojafisica",0,"11/24/2022 11:11",N/A,https://www.facebook.com/cristianoautomoveisoficial/posts/pfbid0AG9svf9x4zaPWb9zPwSWJzonhSKHcba1DDqaCBFg5uHdCHZgBydVySE5rzwYfvDrl,0,Foto,,,,,Vitalício,0,59,0,0,80,,,,,,,,,,,,,,,,,,,,,,,,,,,
517025440443325,437204840068250,"Cristiano Automóveis",,"📌Aooo trilheiro bruto, tu que é raiz e não quer saber da moda de jeep🤣🤣
Se liga nessa linda máquina, 4x4 do jeito que tu gosta pra dar os rolês Adventure.

Mas, se você não se interessou, indica teu amigo, ele fechando negócio conosco, você ganha R$ 1.000🤩💵

🚘 Mitsubishi Pajero TR4
2.0 Gasolina 
4x4 automática
📆2005/2006
🎛️203.000km
——————————
IPVA 2022 PAGO
——————————
Mais informações:
Direção hidráulica
Ar-condicionado
Airbag 
travas elétricas
Vidros elétricos
Desembaçador traseiro
Faróis de Neblina
Banco e volante com ajuste de altura
Rodas de liga leve
Engate
Estribo

⚠️ Entrada + parcelas de 1.199,00

🚘Pegamos seu usado na troca
💳Parcelamos no cartão até 18x
🏦Financiamos em até 60x

*** Os valores e condições comerciais estão sujeitos a alteração sem aviso prévio, nos resguardamos a possíveis erros de digitação***

>>>>>CLIQUE AQUI E CHAMA NO WHATSAPP:   
https://api.whatsapp.com/send/?phone=551231523625&text…
📍 Av. Rua Castro Alves, 180, Lorena | SP 
#CristianoAutomóveis #seminovoscomgarantia #valedoparaiba #lorena #guaratingueta #carrosseminovos #carrosavenda #qualidadegarantida #lojafisica",0,"11/24/2022 13:11",N/A,https://www.facebook.com/cristianoautomoveisoficial/posts/pfbid05N6fFX69PDrJxbL78rkKdCfKTM6BS9hiJ4P9HW7UVT49yPeKyJge1BFZV7mgsk9Bl,0,Foto,,,,,Vitalício,0,40,0,0,46,,,,,,,,,,,,,,,,,,,,,,,,,,,
517650537047482,437204840068250,"Cristiano Automóveis",,"🚨 Aoo para tudo, olha o filé🥩 Civicão, difícil andar e não se apaixonar, agora é pra você botar aquela marra, bonézinho pra trás pique malvadão 😎

Mas, se você não se interessou, indica teu amigo, ele fechando negócio conosco, você ganha R$ 1.000🤩💵

🚘 Honda Civic
LXR 2.0 Flex
Câmbio automático 
📅 2013/2014
🎛️ 123.000 km
——————————
IPVA pago
——————————
Mais infos:
Ar-condicionado
Direção elétrica
Paddle Shift (troca de marchas atrás do volante)
Volante multifuncional
Bancos em couro
Ajuste de altura dos bancos
Vidros elétricos
Freio ABS
Airbag 
Seta nos retrovisores
Desembaçador traseiro
Rádio original 
Câmera de ré
Computador de bordo
Ajuste elétrico dos retrovisores
Faróis de neblina

🚘Pegamos seu usado na troca 
💳Parcelamos no cartão até 18x 
🏦Financiamos em até 60x 
——————————

>>>>>CLIQUE AQUI E CHAMA NO WHATSAPP:
https://api.whatsapp.com/send/?phone=551231523625&text…
📍 Av. Rua Castro Alves, 180, Lorena | SP
#CristianoAutomóveis #seminovoscomgarantia #valedoparaiba #lorena #guaratingueta #carrosseminovos #carrosavenda #qualidadegarantida #lojafisica",0,"11/25/2022 06:11",N/A,https://www.facebook.com/cristianoautomoveisoficial/posts/pfbid0XrMfASwpkxhcqz3QcQcbeeCuxiKahLraQWLQutSt3GCZgfhtGnbt3CbozL2NAhosl,0,Foto,,,,,Vitalício,0,114,0,0,132,,,,,,,,,,,,,,,,,,,,,,,,,,,
517831313696071,437204840068250,"Cristiano Automóveis",,"🚨 Já pensou, final de ano e você andar em uma nave dessa, pique playboy, carro completão com teto solar e comandos no volante😎 chaaaama

Mas, se você não se interessou, indica teu amigo, ele fechando negócio conosco, você ganha R$ 1.000🤩💵

🚘 Chevrolet Cruze
Sport LTZ 1.8 Flex
Câmbio automático
📅 2014/2014
🎛️ 172.000 km
——————————
IPVA pago
——————————
Mais infos:
Teto solar
Ar-condicionado
Direção elétrica
Volante multifuncional
Bancos em couro
Ajuste de altura dos bancos
Vidros elétricos
Freio ABS
Airbag 
Rebatimento elétrico dos retrovisores
Desembaçador traseiro
Central de multimídia
GPS
Câmera de ré
Computador de bordo
Ajuste elétrico dos retrovisores
Faróis de neblina
Rodas de liga leve
Controle de tração e estabilidade

🚘Pegamos seu usado na troca 
💳Parcelamos no cartão até 18x 
🏦Financiamos em até 60x 
——————————

>>>>>CLIQUE AQUI E CHAMA NO WHATSAPP:
https://api.whatsapp.com/send/?phone=551231523625&text…
📍 Av. Rua Castro Alves, 180, Lorena | SP
#CristianoAutomóveis #seminovoscomgarantia #valedoparaiba #lorena #guaratingueta #carrosseminovos #carrosavenda #qualidadegarantida #lojafisica",0,"11/25/2022 11:11",N/A,https://www.facebook.com/cristianoautomoveisoficial/posts/pfbid02B7qrCR29D5EWmDB5eCBbe763cnMbBAVG21KWgCScF33kvuy7DCn6EWMe6yAsFZdDl,0,Foto,,,,,Vitalício,0,212,0,0,254,,,,,,,,,,,,,,,,,,,,,,,,,,,
517849030360966,437204840068250,"Cristiano Automóveis",,"ALCANCE SEUS SONHOS! 
Agradecemos a preferência e faça como ele, corre pra cá!
Espero por você! 
Entre em contato com nossos consultores e aproveite!
>>>>>CLIQUE AQUI E CHAMA NO WHATSAPP:
https://api.whatsapp.com/send/?phone=551231523625&text...
📍 Av. Rua Castro Alves, 180, Lorena | SP
#CristianoAutomóveis #seminovoscomgarantia #valedoparaiba #lorena #guaratingueta #carrosseminovos #carrosavenda #qualidadegarantida #lojafisica",0,"11/25/2022 12:11",N/A,https://www.facebook.com/cristianoautomoveisoficial/posts/pfbid0dfVHt5p6dnUYzahTK6MNTKE6SD5dwFEc8VCBST93jmZqeUGurT9pLJcLf59Q37eol,0,Foto,,,,,Vitalício,0,20,0,0,23,,,,,,,,,,,,,,,,,,,,,,,,,,,
517858383693364,437204840068250,"Cristiano Automóveis",,"🚨 aoo meu querido, esse é pra você que está procurando um popular, copa do mundo e esse pode ser o seu gol🤣

Mas, se você não se interessou, indica teu amigo, ele fechando negócio conosco, você ganha R$ 1.000🤩💵

🚘 Volkswagen gol
City 1.0 Flex
Câmbio manual
📅 2012/2013
🎛️ 118.000 km
——————————
IPVA pago
——————————
Mais infos:
Ar-condicionado
Direção hidraúlica
Ajuste de altura dos bancos
Freio a disco ventilado
Airbag 
Desembaçador traseiro
Computador de bordo

🚘Pegamos seu usado na troca 
💳Parcelamos no cartão até 18x 
🏦Financiamos em até 60x 
——————————

>>>>>CLIQUE AQUI E CHAMA NO WHATSAPP:
https://api.whatsapp.com/send/?phone=551231523625&text…
📍 Av. Rua Castro Alves, 180, Lorena | SP
#CristianoAutomóveis #seminovoscomgarantia #valedoparaiba #lorena #guaratingueta #carrosseminovos #carrosavenda #qualidadegarantida #lojafisica",0,"11/25/2022 13:11",N/A,https://www.facebook.com/cristianoautomoveisoficial/posts/pfbid036hR7uL19y1B4kaJMRY28Rd7cn17VT3MPAPpLPv1twgpxcheR53aB48CY1ErVS3UVl,0,Foto,,,,,Vitalício,0,81,0,0,92,,,,,,,,,,,,,,,,,,,,,,,,,,,
519883803490822,437204840068250,"Cristiano Automóveis",,"📌Esse é o famoso sorvete sem cobertura, mas não tem problema, o carro tem tudo aquilo que nós gostamos, km baixo, aquele monte de botão no volante, GPS pra você não se perder mais nas viagens 😂😂

E se você não procura por um i30, indica aquele teu amigo, ele fechando negócio conosco você ganha um pix de 1.000

🚘HYUNDAI I30
1.8 MPI gasolina 
Câmbio automático de 6 velocidades 
📆2014/2015
🎛️85.000 km
——————————
IPVA 2022 PAGO
——————————
Mais informações:
Direção Elétrica
Ar-condicionado
Vidros elétricos
Faróis de neblina
Volante Multifuncional
Central de multimídia 
Bancos em couro
Sensor de estacionamento
Setas nos retrovisores
Rodas de liga leve diamantadas
GPS
3 modos de condução 
Ajuste elétrico dos retrovisores 
Retrovisores rebatíveis eletricamente
Bancos e volante com ajuste de altura
Câmera de ré

🚘Pegamos seu usado na troca 
💳Parcelamos no cartão até 18x 
🏦Financiamos em até 60x 

>>>>>CLIQUE AQUI E CHAMA NO WHATSAPP:
https://api.whatsapp.com/send/?phone=551231523625&text...

📍Av. Rua Castro Alves, 180, Lorena | SP

#CristianoAutomóveis #seminovoscomgarantia #valedoparaiba #lorena #guaratingueta #carrosseminovos #carrosavenda #qualidadegarantida #lojafisica",0,"11/28/2022 07:11",N/A,https://www.facebook.com/cristianoautomoveisoficial/posts/pfbid02BbFjHHTaEEF1619g9n8uGMHpk2H7vCeid8rC1TBpQpQLq9jjJpc4hTkV2CMr46Hkl,0,Foto,,,,,Vitalício,0,11,0,0,11,,,,,,,,,,,,,,,,,,,,,,,,,,,
520035710142298,437204840068250,"Cristiano Automóveis",,"📌Já pensou em andar de “Camaro” por menos de 200 mil?
Está aí um SUV com motor de Camaro pra você viajar tranquilo com a família, já pode trazer sua tracker, seu t-Cross, Creta que nós vamos pegar na troca.

Se por um acaso você não se interessou, indica aquele seu amigo, ele fechando negócio conosco você ganha 1.000,00

🚘 Chevrolet Equinox
 Premier 2.0 turbo AWD com 200🐎
 📅 2017/2018
Câmbio automático de 9 velocidades 
Teto panorâmico 
——————————
IPVA pago
—————————— 
 Mais infos:

Freio ABS
Rodas de liga leve
Airbags frontais, laterais e de cortina
Retrovisores elétricos
Encosto de cabeça para todos ocupantes 
Cintos de 3 pontos para todos os ocupantes 
Ajuste de altura e profundidade do volante
Controle de tração
Ar condicionado dual zone
Faróis de neblina
Faróis com refletores duplos 
Direção Elétrica
Comando de áudio e telefone no volante
Controle de estabilidade
Distribuição eletrônica de frenagem
ISOFIX
Alerta de ponto cego
Assistente de permanência em faixa 
Frenagem automática de emergência 
AWD (tração integral)
Assistente de estacionamento semi automático 
Bancos em couro 
Ajuste elétrico dos bancos 
Rebatimento elétrico dos retrovisores 
Retrovisor interno fotocrômico
Retrovisor externo aquecido 
Memória de banco 
Chave presencial 
Freio de estacionamento elétrico 
Central de multimídia 
GPS 
Sistema de som da Bose
Cancelamento de ruídos 
Carregador de celular por indução 

🚘Pegamos seu usado na troca
💳Parcelamos no cartão até 18x
🏦Financiamos em até 60x

>>>>>CLIQUE AQUI E CHAMA NO WHATSAPP:   
https://api.whatsapp.com/send/?phone=551231523625&text…
📍 Av. Rua Castro Alves, 180, Lorena | SP 
#CristianoAutomóveis #seminovoscomgarantia #valedoparaiba #lorena #guaratingueta #carrosseminovos #carrosavenda #qualidadegarantida #lojafisica",0,"11/28/2022 11:11",N/A,https://www.facebook.com/cristianoautomoveisoficial/posts/pfbid0xPN5fyW7aGmoMMtoNZQBKUFRbWn649QNQVoV9HqXWkE9zvYnhozJVJQFWETcysnUl,0,Foto,,,,,Vitalício,0,459,0,0,658,,,,,,,,,,,,,,,,,,,,,,,,,,,
520038560142013,437204840068250,"Cristiano Automóveis",,"📌 Faaaala meu amigo dono de depósito, carpinteiro, mestre de obras, dono de chácara e por aí vai…. se liga na bruta que chegou pra nós, Strada Hard Working 

Se você não precisa dessa fera, nos ajude indicando seu amigo, ele fechando negócio conosco você ganha um pix de 1.000,00

 Fiat Strada
 Hard Working 1.4 flex CS
 📅 2019/2020
🎛️ 64.000 km
——————————
IPVA pago
 —————————— 
Mais informações:

Vidros elétricos 
Direção hidráulica 
Faróis de neblina 
Computador de bordo
Ar-condicionado
Airbag 
Rádio 
Capacidade de carga 750 kg

🚘Pegamos seu usado na troca 
💳Parcelamos no cartão até 18x 
🏦Financiamos em até 60x 

>>>>>CLIQUE AQUI E CHAMA NO WHATSAPP:
https://api.whatsapp.com/send/?phone=551231523625&text...

📍Av. Rua Castro Alves, 180, Lorena | SP

#CristianoAutomóveis #seminovoscomgarantia #valedoparaiba #lorena #guaratingueta #carrosseminovos #carrosavenda #qualidadegarantida #lojafisica",0,"11/28/2022 13:11",N/A,https://www.facebook.com/cristianoautomoveisoficial/posts/pfbid0JgsLYMxJgotnXuhUioVkNpaRFSvgNNp9sfV7FzpAnSgv9gEs8QCqNhVya2J7eF4xl,0,Foto,,,,,Vitalício,0,21,0,0,23,,,,,,,,,,,,,,,,,,,,,,,,,,,
520438990101970,437204840068250,"Cristiano Automóveis",,"ALCANCE SEUS SONHOS! 
Agradecemos a preferência e faça como ele, corre pra cá!
Espero por você! 
Entre em contato com nossos consultores e aproveite!
>>>>>CLIQUE AQUI E CHAMA NO WHATSAPP:
https://api.whatsapp.com/send/?phone=551231523625&text...
📍 Av. Rua Castro Alves, 180, Lorena | SP
#CristianoAutomóveis #seminovoscomgarantia #valedoparaiba #lorena #guaratingueta #carrosseminovos #carrosavenda #qualidadegarantida #lojafisica",0,"11/29/2022 03:11",N/A,https://www.facebook.com/cristianoautomoveisoficial/posts/pfbid0rDbK3GdY5JJCZMhBD7koWwL2eZetvyKqVn86mUf8wnARDw8oywAGYQ2p9EsYLKDZl,0,Foto,,,,,Vitalício,0,10,0,0,10,,,,,,,,,,,,,,,,,,,,,,,,,,,
520040856808450,437204840068250,"Cristiano Automóveis",,"📌Fala meu amigo motoqueiro apaixonado, bora trocar essa sua XT660 que já deu flor🌹 🫣🤣
Imagina você e a gata viajando nesse final de ano…💭

Mas se você prefere sua bros, indica teu amigo, ele fechando negócio você ganha um pix de 1.000,00

🚘 BMW R 1200
R 1200 GS
 📅 2010/2011
——————————
IPVA pago
—————————— 
 Mais infos:
Injeção eletrônica
Partida elétrica
Câmbio: 6 marchas, transmissão final por cardã 
0 a 100 em 4,3 segundos
0 a 200km/h em 20,1 segundos 
Freio a disco duplo ABS
Rodas de liga leve

🚘Pegamos seu usado na troca
💳Parcelamos no cartão até 18x
🏦Financiamos em até 60x

>>>>>CLIQUE AQUI E CHAMA NO WHATSAPP:   
https://api.whatsapp.com/send/?phone=551231523625&text…
📍 Av. Rua Castro Alves, 180, Lorena | SP 
#CristianoAutomóveis #seminovoscomgarantia #valedoparaiba #lorena #guaratingueta #carrosseminovos #carrosavenda #qualidadegarantida #lojafisica",0,"11/29/2022 06:11",N/A,https://www.facebook.com/cristianoautomoveisoficial/posts/pfbid02bwtRrnxNh3q66wHuK2GXkFLsikd76tr7DNoNLbkzDxwEf4WtFaBXJ6QmD3ZZJhzwl,0,Foto,,,,,Vitalício,0,24,0,0,25,,,,,,,,,,,,,,,,,,,,,,,,,,,
520055780140291,437204840068250,"Cristiano Automóveis",,"📌 Aooo meu alecrim dourado, se liga nesse esportivo de Kinder ovo🤣🤣
Ótima oportunidade pra você que busca um hatch completo 🚀

Mas se não te agradou, indica aquele seu amigo, ele fechando negócio conosco você ganha um pix de 1.000,00

🚘 Fiat Uno
Sporting 1.4 Flex 4P 
📅 20012/2013
——————————
IPVA 2022 PAGO
——————————
Mais informações:
Direção hidráulica
Câmbio Manual
Ar-condicionado
Rádio
4 portas
Faróis de neblina
Rodas de liga leve
Vidros elétricos
Desembaçador traseiro

🚘Pegamos seu usado na troca 
💳Parcelamos no cartão até 18x 
🏦Financiamos em até 60x 

>>>>>CLIQUE AQUI E CHAMA NO WHATSAPP:
https://api.whatsapp.com/send/?phone=551231523625&text…
📍 Av. Rua Castro Alves, 180, Lorena | SP

#CristianoAutomóveis #seminovoscomgarantia #valedoparaiba #lorena #guaratingueta #carrosseminovos #carrosavenda #qualidadegarantida #lojafisica",0,"11/29/2022 11:11",N/A,https://www.facebook.com/cristianoautomoveisoficial/posts/pfbid0SAKitkVoPBqtW58GWYqCaxdSR8LvwH4d3n3LsnuZVVVUUMEDA3NrZUKGQSU7xx2Dl,0,Foto,,,,,Vitalício,0,42,0,0,45,,,,,,,,,,,,,,,,,,,,,,,,,,,
520739610071908,437204840068250,"Cristiano Automóveis",,"ALCANCE SEUS SONHOS! 
Agradecemos a preferência e faça como ele, corre pra cá!
Espero por você! 
Entre em contato com nossos consultores e aproveite!
>>>>>CLIQUE AQUI E CHAMA NO WHATSAPP:
https://api.whatsapp.com/send/?phone=551231523625&text...
📍 Av. Rua Castro Alves, 180, Lorena | SP
#CristianoAutomóveis #seminovoscomgarantia #valedoparaiba #lorena #guaratingueta #carrosseminovos #carrosavenda #qualidadegarantida #lojafisica",0,"11/29/2022 12:11",N/A,https://www.facebook.com/cristianoautomoveisoficial/posts/pfbid0XsSyZErUCcXAuZrDUaFuMkRNRk8GNCeUGktAh9cAPPihfHgRiWEaVCR5eSUbSq21l,0,Foto,,,,,Vitalício,0,6,0,0,6,,,,,,,,,,,,,,,,,,,,,,,,,,,
520764393402763,437204840068250,"Cristiano Automóveis",,"ALCANCE SEUS SONHOS! 
Agradecemos a preferência e faça como ele, corre pra cá!
Espero por você! 
Entre em contato com nossos consultores e aproveite!
>>>>>CLIQUE AQUI E CHAMA NO WHATSAPP:
https://api.whatsapp.com/send/?phone=551231523625&text...
📍 Av. Rua Castro Alves, 180, Lorena | SP
#CristianoAutomóveis #seminovoscomgarantia #valedoparaiba #lorena #guaratingueta #carrosseminovos #carrosavenda #qualidadegarantida #lojafisica",0,"11/29/2022 13:11",N/A,https://www.facebook.com/cristianoautomoveisoficial/posts/pfbid02VP5826CFTuoVLDLdsmn8WyVN4GwhVVfFxWPkXvJGxXBc7S3FkvYwcdrsatkbtP7Zl,0,Foto,,,,,Vitalício,0,19,0,0,22,,,,,,,,,,,,,,,,,,,,,,,,,,,
499360618876474,437204840068250,"Cristiano Automóveis",,"📌Para você que sonha em ter seu primeiro carro, olha a oportunidade:

🚘 Volkswagen Gol 
1.0 Flex
📅 2008/2008
💵R$21.900,00
——————————
IPVA 2022 PAGO
——————————
Mais informações:
Direção Mecânica
Câmbio Manual
Básico
2 portas
Engate
Sensor de estacionamento
Desembaçador traseiro

🚘Pegamos seu usado na troca 
💳Parcelamos no cartão até 18x 
🏦Financiamos em até 60x 

>>>>>CLIQUE AQUI E CHAMA NO WHATSAPP:
https://api.whatsapp.com/send/?phone=551231523625&text…

📍 Av. Rua Castro Alves, 180, Lorena | SP

#CristianoAutomóveis #seminovoscomgarantia #valedoparaiba #lorena #guaratingueta #carrosseminovos #carrosavenda #qualidadegarantida #lojafisica",0,"11/01/2022 07:11",N/A,https://www.facebook.com/cristianoautomoveisoficial/posts/pfbid0j34hb4S1S9qEb7LGbgehreoGAb8iCoFQRsS7v52gWJsP42QMUYZpjYiYkmuYgRDRl,0,Foto,,,,,Vitalício,0,283,0,0,368,,,,,,,,,,,,,,,,,,,,,,,,,,,
